{"stats":{"minecraft:killed":{"minecraft:zombie":7,"minecraft:chicken":1,"minecraft:creeper":4},"minecraft:broken":{"minecraft:wooden_axe":1},"minecraft:used":{"minecraft:wooden_axe":34,"minecraft:rotten_flesh":11,"minecraft:wooden_sword":9,"minecraft:crafting_table":2,"alexsmobs:animal_dictionary":1},"minecraft:mined":{"regions_unexplored:frozen_grass":7,"minecraft:crafting_table":1,"gravestone:gravestone":3,"regions_unexplored:pine_leaves":3,"minecraft:grass":2,"regions_unexplored:pine_log":14},"minecraft:custom":{"minecraft:time_since_rest":583,"minecraft:sprint_one_cm":51151,"minecraft:damage_taken":945,"minecraft:walk_one_cm":68803,"minecraft:mob_kills":12,"minecraft:drop":9,"minecraft:damage_dealt":2234,"minecraft:interact_with_crafting_table":2,"minecraft:fly_one_cm":78961,"minecraft:crouch_one_cm":3716,"minecraft:play_time":19457,"minecraft:deaths":3,"minecraft:sneak_time":1185,"minecraft:jump":363,"minecraft:leave_game":2,"minecraft:time_since_death":444,"minecraft:total_world_time":19457,"minecraft:fall_one_cm":11659},"minecraft:killed_by":{"minecraft:stray":1,"minecraft:zombie":2},"minecraft:dropped":{"minecraft:wheat_seeds":4,"alexsmobs:animal_dictionary":1,"minecraft:crafting_table":2,"gravestone:obituary":2},"minecraft:crafted":{"minecraft:wooden_sword":1,"regions_unexplored:pine_planks":56,"minecraft:crafting_table":3,"minecraft:stick":8,"minecraft:wooden_axe":1},"minecraft:picked_up":{"minecraft:stick":1,"minecraft:crafting_table":1,"minecraft:feather":2,"minecraft:chicken":1,"gravestone:obituary":1,"minecraft:gunpowder":3,"alexsmobs:animal_dictionary":1,"minecraft:rotten_flesh":11,"minecraft:wheat_seeds":4,"regions_unexplored:pine_log":14}},"DataVersion":3465}