{"stats":{"minecraft:dropped":{"minecraft:stone_hoe":1,"gravestone:obituary":3},"minecraft:used":{"minecraft:wheat_seeds":16,"minecraft:cooked_mutton":2,"minecraft:stone_shovel":234,"minecraft:stone_pickaxe":67,"regions_unexplored:peat_dirt":52,"minecraft:wooden_pickaxe":9,"minecraft:torch":1,"minecraft:dirt":55,"minecraft:crafting_table":4,"minecraft:bread":2,"minecraft:stone_axe":18,"minecraft:potato":1},"minecraft:crafted":{"minecraft:stone_shovel":1,"minecraft:crafting_table":1,"minecraft:wooden_pickaxe":1,"regions_unexplored:larch_planks":20,"minecraft:stone_axe":1,"minecraft:stick":12,"minecraft:iron_ingot":2,"minecraft:stone_pickaxe":1,"minecraft:stone_hoe":1},"minecraft:killed_by":{"minecraft:player":1,"minecraft:skeleton":1,"minecraft:creeper":1,"minecraft:zombie":1,"alexsmobs:grizzly_bear":1},"minecraft:killed":{"minecraft:zombie_villager":1,"minecraft:creeper":1,"minecraft:zombie":4},"minecraft:picked_up":{"regions_unexplored:peat_dirt":59,"minecraft:crafting_table":5,"minecraft:potato":1,"minecraft:shield":1,"minecraft:gunpowder":1,"minecraft:string":2,"minecraft:dirt":55,"minecraft:raw_copper":42,"minecraft:cooked_mutton":2,"minecraft:wheat_seeds":19,"regions_unexplored:pine_log":5,"regions_unexplored:larch_log":23,"regions_unexplored:larch_sapling":1,"minecraft:poppy":1,"minecraft:iron_pickaxe":1,"minecraft:stick":1,"minecraft:raw_iron":2,"minecraft:torch":1,"minecraft:spruce_log":7,"minecraft:bread":2,"minecraft:snowball":3,"minecraft:coal":49,"minecraft:cobblestone":18},"minecraft:mined":{"regions_unexplored:golden_larch_leaves":2,"minecraft:crafting_table":4,"gravestone:gravestone":5,"minecraft:grass_block":19,"regions_unexplored:peat_grass_block":28,"minecraft:copper_ore":13,"minecraft:tall_grass":13,"biomesoplenty:sprout":1,"regions_unexplored:pine_log":5,"minecraft:iron_ore":2,"minecraft:fire":1,"minecraft:snow":3,"minecraft:ice":8,"minecraft:spruce_log":7,"regions_unexplored:larch_leaves":7,"minecraft:grass":137,"minecraft:coal_ore":43,"biomesoplenty:webbing":1,"regions_unexplored:peat_dirt":31,"minecraft:dirt":36,"regions_unexplored:medium_grass":1,"regions_unexplored:larch_log":23,"minecraft:stone":15,"minecraft:fern":1},"minecraft:custom":{"minecraft:interact_with_furnace":3,"minecraft:mob_kills":6,"minecraft:interact_with_crafting_table":5,"minecraft:leave_game":1,"minecraft:time_since_death":7646,"minecraft:sleep_in_bed":1,"minecraft:time_since_rest":7758,"minecraft:sprint_one_cm":204978,"minecraft:damage_taken":1859,"minecraft:walk_one_cm":248987,"minecraft:drop":4,"minecraft:damage_dealt":1350,"minecraft:swim_one_cm":584,"minecraft:talked_to_villager":4,"minecraft:fly_one_cm":272491,"minecraft:player_kills":1,"minecraft:open_chest":1,"minecraft:crouch_one_cm":10834,"minecraft:play_time":92967,"minecraft:deaths":6,"minecraft:sneak_time":3275,"minecraft:walk_under_water_one_cm":9407,"minecraft:jump":1391,"minecraft:walk_on_water_one_cm":4866,"minecraft:total_world_time":92967,"minecraft:fall_one_cm":29447}},"DataVersion":3465}