{"stats":{"minecraft:dropped":{"minecraft:stone_hoe":1,"minecraft:salmon":3,"gravestone:obituary":3},"minecraft:used":{"minecraft:wheat_seeds":71,"minecraft:cooked_mutton":2,"minecraft:stone_shovel":609,"minecraft:stone_pickaxe":67,"regions_unexplored:peat_dirt":52,"minecraft:wooden_pickaxe":9,"minecraft:torch":1,"minecraft:dirt":56,"minecraft:crafting_table":4,"minecraft:bread":2,"minecraft:stone_axe":42,"minecraft:fishing_rod":12,"minecraft:potato":1,"minecraft:bone_meal":6},"minecraft:crafted":{"minecraft:stone_shovel":1,"minecraft:fishing_rod":1,"minecraft:crafting_table":1,"minecraft:wooden_pickaxe":1,"minecraft:cooked_salmon":3,"regions_unexplored:larch_planks":20,"minecraft:bone_meal":6,"minecraft:stone_axe":1,"minecraft:air":0,"minecraft:stick":16,"minecraft:iron_ingot":2,"minecraft:stone_pickaxe":1,"minecraft:torch":4,"minecraft:stone_hoe":1},"minecraft:killed_by":{"minecraft:player":1,"minecraft:skeleton":1,"minecraft:creeper":1,"minecraft:zombie":1,"alexsmobs:grizzly_bear":1},"minecraft:killed":{"minecraft:zombie_villager":1,"minecraft:salmon":4,"minecraft:creeper":1,"minecraft:zombie":5},"minecraft:picked_up":{"minecraft:fishing_rod":1,"regions_unexplored:peat_dirt":59,"minecraft:crafting_table":5,"minecraft:wheat":5,"minecraft:salmon":7,"minecraft:potato":1,"minecraft:shield":1,"minecraft:gunpowder":1,"minecraft:string":2,"minecraft:dirt":58,"minecraft:raw_copper":42,"minecraft:cooked_mutton":2,"minecraft:bone":2,"minecraft:wheat_seeds":74,"regions_unexplored:pine_log":5,"regions_unexplored:larch_log":23,"regions_unexplored:larch_sapling":1,"minecraft:poppy":1,"minecraft:iron_pickaxe":1,"minecraft:stick":1,"minecraft:raw_iron":2,"minecraft:torch":1,"minecraft:spruce_log":7,"minecraft:rotten_flesh":2,"minecraft:saddle":1,"minecraft:bread":2,"minecraft:cod":2,"minecraft:snowball":3,"minecraft:coal":49,"minecraft:cobblestone":18},"minecraft:mined":{"regions_unexplored:golden_larch_leaves":2,"minecraft:crafting_table":4,"gravestone:gravestone":6,"minecraft:grass_block":22,"regions_unexplored:peat_grass_block":28,"minecraft:rose_bush":1,"minecraft:copper_ore":13,"minecraft:tall_grass":27,"biomesoplenty:sprout":3,"regions_unexplored:pine_log":5,"minecraft:iron_ore":2,"minecraft:wheat":5,"minecraft:fire":1,"minecraft:snow":3,"minecraft:ice":9,"minecraft:spruce_log":7,"regions_unexplored:larch_leaves":7,"minecraft:grass":509,"minecraft:coal_ore":43,"biomesoplenty:webbing":1,"regions_unexplored:peat_dirt":31,"minecraft:dirt":36,"regions_unexplored:medium_grass":1,"regions_unexplored:larch_log":23,"minecraft:stone":15,"minecraft:fern":1},"minecraft:custom":{"minecraft:interact_with_furnace":9,"minecraft:mob_kills":11,"minecraft:interact_with_crafting_table":8,"minecraft:leave_game":1,"minecraft:time_since_death":8772,"minecraft:sleep_in_bed":1,"minecraft:time_since_rest":8799,"minecraft:sprint_one_cm":234528,"minecraft:damage_taken":2029,"minecraft:walk_one_cm":356736,"minecraft:drop":5,"minecraft:damage_dealt":1659,"minecraft:swim_one_cm":8789,"minecraft:talked_to_villager":4,"minecraft:fly_one_cm":292059,"minecraft:player_kills":1,"minecraft:open_chest":1,"minecraft:crouch_one_cm":10966,"minecraft:play_time":116967,"minecraft:deaths":7,"minecraft:sneak_time":3771,"minecraft:walk_under_water_one_cm":42157,"minecraft:jump":1555,"minecraft:walk_on_water_one_cm":8118,"minecraft:total_world_time":116967,"minecraft:fish_caught":5,"minecraft:fall_one_cm":31880}},"DataVersion":3465}