{"stats":{"minecraft:dropped":{"gravestone:obituary":2},"minecraft:used":{"minecraft:cooked_mutton":2,"minecraft:stone_pickaxe":67,"minecraft:bread":2,"regions_unexplored:peat_dirt":1,"minecraft:wooden_pickaxe":9,"minecraft:torch":1,"minecraft:stone_axe":16,"minecraft:dirt":5,"minecraft:crafting_table":2,"minecraft:potato":1},"minecraft:crafted":{"minecraft:crafting_table":1,"minecraft:stick":8,"minecraft:wooden_pickaxe":1,"minecraft:stone_pickaxe":1,"regions_unexplored:larch_planks":20,"minecraft:stone_axe":1},"minecraft:killed_by":{"minecraft:player":1,"minecraft:skeleton":1,"minecraft:creeper":1,"minecraft:zombie":1,"alexsmobs:grizzly_bear":1},"minecraft:killed":{"minecraft:zombie":4,"minecraft:zombie_villager":1,"minecraft:creeper":1},"minecraft:picked_up":{"minecraft:raw_iron":2,"regions_unexplored:peat_dirt":1,"minecraft:stick":1,"minecraft:crafting_table":3,"minecraft:torch":1,"minecraft:potato":1,"minecraft:gunpowder":1,"minecraft:spruce_log":7,"minecraft:dirt":7,"minecraft:string":2,"minecraft:raw_copper":42,"minecraft:cooked_mutton":2,"minecraft:wheat_seeds":3,"regions_unexplored:pine_log":5,"regions_unexplored:larch_log":23,"regions_unexplored:larch_sapling":1,"minecraft:bread":2,"minecraft:coal":49,"minecraft:cobblestone":18},"minecraft:mined":{"regions_unexplored:golden_larch_leaves":1,"minecraft:iron_ore":2,"minecraft:fire":1,"minecraft:spruce_log":7,"regions_unexplored:larch_leaves":7,"minecraft:crafting_table":2,"gravestone:gravestone":4,"minecraft:grass":2,"regions_unexplored:peat_grass_block":1,"minecraft:grass_block":4,"minecraft:coal_ore":43,"biomesoplenty:webbing":1,"minecraft:dirt":3,"minecraft:tall_grass":13,"minecraft:copper_ore":13,"regions_unexplored:larch_log":23,"minecraft:stone":15,"regions_unexplored:pine_log":5},"minecraft:custom":{"minecraft:time_since_rest":2321,"minecraft:interact_with_furnace":1,"minecraft:sprint_one_cm":173432,"minecraft:damage_taken":1699,"minecraft:walk_one_cm":168736,"minecraft:mob_kills":6,"minecraft:drop":2,"minecraft:damage_dealt":1350,"minecraft:interact_with_crafting_table":3,"minecraft:fly_one_cm":259472,"minecraft:player_kills":1,"minecraft:talked_to_villager":4,"minecraft:crouch_one_cm":4724,"minecraft:play_time":70402,"minecraft:deaths":5,"minecraft:sneak_time":1361,"minecraft:walk_under_water_one_cm":3329,"minecraft:jump":1262,"minecraft:time_since_death":8067,"minecraft:walk_on_water_one_cm":2648,"minecraft:sleep_in_bed":1,"minecraft:total_world_time":70402,"minecraft:fall_one_cm":26855}},"DataVersion":3465}