{"stats":{"minecraft:dropped":{"minecraft:stone_hoe":1,"minecraft:bread":18,"minecraft:cooked_chicken":2,"regions_unexplored:larch_sapling":1,"minecraft:salmon":3,"minecraft:poppy":1,"minecraft:cooked_salmon":8,"gravestone:obituary":4},"minecraft:used":{"minecraft:cooked_mutton":4,"minecraft:wheat_seeds":72,"minecraft:stone_shovel":639,"minecraft:stone_pickaxe":119,"regions_unexplored:peat_dirt":52,"minecraft:wooden_pickaxe":9,"minecraft:cooked_chicken":1,"minecraft:torch":1,"minecraft:dirt":108,"minecraft:crafting_table":5,"regions_unexplored:oak_shrub":1,"minecraft:iron_pickaxe":34,"minecraft:bread":2,"minecraft:stone_axe":63,"minecraft:fishing_rod":16,"minecraft:furnace":1,"minecraft:cooked_cod":5,"minecraft:potato":1,"minecraft:bone_meal":6},"minecraft:crafted":{"minecraft:cooked_cod":5,"minecraft:stone_shovel":1,"minecraft:fishing_rod":1,"minecraft:crafting_table":1,"minecraft:wooden_pickaxe":1,"minecraft:furnace":1,"minecraft:cooked_salmon":8,"regions_unexplored:larch_planks":20,"minecraft:bone_meal":6,"minecraft:stone_axe":1,"minecraft:bread":36,"minecraft:air":0,"minecraft:stick":16,"minecraft:iron_ingot":2,"minecraft:stone_pickaxe":1,"minecraft:torch":4,"minecraft:stone_hoe":1,"minecraft:wheat":108},"minecraft:killed_by":{"minecraft:player":1,"minecraft:skeleton":1,"minecraft:creeper":2,"minecraft:zombie":1,"alexsmobs:grizzly_bear":1},"minecraft:killed":{"minecraft:zombie_villager":1,"minecraft:salmon":18,"minecraft:creeper":1,"minecraft:zombie":5,"alexsmobs:crow":2},"minecraft:picked_up":{"minecraft:fishing_rod":1,"regions_unexplored:peat_dirt":63,"minecraft:crafting_table":5,"minecraft:wheat":7,"minecraft:tripwire_hook":1,"minecraft:salmon":21,"minecraft:potato":4,"minecraft:shield":1,"minecraft:gunpowder":1,"minecraft:dirt":111,"minecraft:string":4,"minecraft:raw_copper":42,"minecraft:cooked_mutton":4,"minecraft:bone":2,"minecraft:wheat_seeds":109,"regions_unexplored:pine_log":5,"minecraft:cooked_chicken":3,"regions_unexplored:larch_log":23,"regions_unexplored:larch_sapling":1,"minecraft:poppy":1,"minecraft:iron_pickaxe":1,"minecraft:stick":1,"minecraft:raw_iron":9,"minecraft:torch":1,"regions_unexplored:oak_shrub":1,"minecraft:spruce_log":7,"minecraft:carrot":19,"regions_unexplored:purple_coneflower":2,"minecraft:rotten_flesh":2,"minecraft:beetroot_seeds":1,"minecraft:hay_block":12,"minecraft:saddle":1,"minecraft:bread":2,"minecraft:snowball":3,"minecraft:cod":5,"minecraft:coal":73,"minecraft:cobblestone":66},"minecraft:mined":{"regions_unexplored:golden_larch_leaves":2,"minecraft:crafting_table":4,"gravestone:gravestone":7,"biomesoplenty:bush":1,"minecraft:grass_block":49,"regions_unexplored:peat_grass_block":29,"minecraft:rose_bush":1,"biomesoplenty:high_grass_plant":6,"minecraft:tall_grass":27,"minecraft:copper_ore":13,"biomesoplenty:sprout":3,"minecraft:kelp":1,"regions_unexplored:pine_log":5,"minecraft:hay_block":12,"minecraft:carrots":20,"minecraft:iron_ore":8,"minecraft:wheat":31,"minecraft:fire":1,"minecraft:snow":3,"minecraft:ice":9,"minecraft:spruce_log":7,"regions_unexplored:larch_leaves":7,"minecraft:dirt_path":2,"minecraft:grass":513,"biomesoplenty:high_grass":8,"minecraft:potatoes":5,"minecraft:coal_ore":67,"minecraft:beetroots":1,"biomesoplenty:webbing":1,"regions_unexplored:peat_dirt":34,"minecraft:dirt":44,"regions_unexplored:medium_grass":4,"regions_unexplored:larch_log":23,"minecraft:stone":65,"minecraft:fern":1},"minecraft:custom":{"minecraft:interact_with_furnace":16,"minecraft:mob_kills":27,"minecraft:interact_with_crafting_table":11,"minecraft:leave_game":2,"minecraft:time_since_death":12520,"minecraft:sleep_in_bed":1,"minecraft:time_since_rest":12552,"minecraft:waystone_activated":1,"minecraft:sprint_one_cm":329221,"minecraft:damage_taken":2479,"minecraft:walk_one_cm":426020,"minecraft:drop":12,"minecraft:damage_dealt":2449,"minecraft:swim_one_cm":48996,"minecraft:talked_to_villager":7,"minecraft:fly_one_cm":399124,"minecraft:player_kills":1,"minecraft:open_chest":9,"minecraft:crouch_one_cm":12474,"minecraft:play_time":152025,"minecraft:deaths":8,"minecraft:sneak_time":4211,"minecraft:walk_under_water_one_cm":61969,"minecraft:jump":2206,"minecraft:walk_on_water_one_cm":12900,"minecraft:total_world_time":152025,"minecraft:interact_with_smoker":1,"minecraft:fish_caught":8,"minecraft:fall_one_cm":42862}},"DataVersion":3465}