{"stats":{"minecraft:used":{"immersiveores:vulpus_sword":1,"minecraft:sand":1},"minecraft:killed":{"minecraft:skeleton":1},"minecraft:picked_up":{"minecraft:sand":1,"minecraft:bone":1},"minecraft:mined":{"minecraft:sand":1},"minecraft:dropped":{"minecraft:bone":1},"minecraft:custom":{"minecraft:jump":36,"minecraft:time_since_rest":8714,"minecraft:damage_dealt":200,"minecraft:walk_on_water_one_cm":946,"minecraft:sprint_one_cm":6680,"minecraft:play_time":8714,"minecraft:damage_taken":50,"minecraft:time_since_death":8714,"minecraft:walk_one_cm":1905,"minecraft:total_world_time":8714,"minecraft:walk_under_water_one_cm":893,"minecraft:mob_kills":1,"minecraft:drop":1,"minecraft:swim_one_cm":1950,"minecraft:fall_one_cm":1801,"minecraft:fly_one_cm":27138}},"DataVersion":3578}