{"stats":{"minecraft:dropped":{"minecraft:diamond":24,"minecraft:crafting_table":1,"minecraft:cobblestone":66,"minecraft:string":2,"minecraft:bone":1,"minecraft:cooked_chicken":3,"minecraft:stone_sword":1,"minecraft:cooked_mutton":2,"minecraft:diamond_sword":1,"minecraft:gunpowder":5},"minecraft:used":{"regions_unexplored:pine_planks":8,"minecraft:stone_sword":92,"minecraft:poppy":1,"minecraft:chest":7,"minecraft:shield":1,"minecraft:cooked_salmon":7,"minecraft:torch":19,"minecraft:dirt":9,"minecraft:granite":6,"minecraft:snowball":6,"minecraft:iron_axe":54,"minecraft:basalt":6,"minecraft:gray_bed":2,"minecraft:cooked_beef":3,"minecraft:cobbled_deepslate":127,"minecraft:stone_pickaxe":188,"minecraft:wooden_pickaxe":28,"minecraft:blue_bed":3,"advancedsticks:diamond_stick_diamond_sword":58,"minecraft:crafting_table":2,"minecraft:smoker":1,"minecraft:oak_log":1,"minecraft:diamond_pickaxe":336,"minecraft:bread":4,"minecraft:iron_pickaxe":225,"minecraft:stone_axe":32,"minecraft:cobblestone":131,"minecraft:cooked_porkchop":3,"minecraft:birch_log":3},"minecraft:crafted":{"advancedsticks:stick_diamond":1,"minecraft:cooked_chicken":3,"regions_unexplored:larch_planks":4,"minecraft:cooked_mutton":2,"minecraft:diamond_leggings":1,"minecraft:iron_axe":2,"minecraft:stone_pickaxe":2,"minecraft:chest":7,"minecraft:diamond_boots":1,"minecraft:cooked_beef":7,"minecraft:diamond_sword":1,"advancedsticks:diamond_stick_diamond_sword":1,"minecraft:cooked_porkchop":11,"minecraft:crafting_table":3,"minecraft:wooden_pickaxe":1,"minecraft:cooked_salmon":7,"minecraft:stone_axe":1,"minecraft:air":0,"regions_unexplored:pine_planks":96,"minecraft:diamond_pickaxe":1,"minecraft:shield":1,"naturescompass:naturescompass":1,"minecraft:stick":28,"minecraft:iron_ingot":28,"minecraft:compass":1,"minecraft:iron_pickaxe":1,"minecraft:stone_sword":1,"minecraft:torch":32,"minecraft:diamond_chestplate":1},"minecraft:killed":{"minecraft:spider":2,"minecraft:skeleton":1,"minecraft:chicken":3,"minecraft:pig":4,"minecraft:salmon":1,"minecraft:iron_golem":1,"minecraft:sheep":2,"alexsmobs:cockroach":1,"minecraft:zombie":6,"alexsmobs:fly":1,"minecraft:cow":3},"minecraft:picked_up":{"minecraft:crafting_table":1,"minecraft:chicken":3,"minecraft:string":2,"minecraft:raw_copper":2,"regions_unexplored:stripped_pine_log":2,"regions_unexplored:pine_log":23,"minecraft:cobbled_deepslate":254,"minecraft:beef":7,"regions_unexplored:larch_log":1,"minecraft:poppy":5,"minecraft:birch_sapling":5,"minecraft:raw_iron":38,"minecraft:stick":11,"regions_unexplored:ash_vent":3,"minecraft:torch":12,"regions_unexplored:volcanic_ash":1,"minecraft:porkchop":11,"minecraft:pointed_dripstone":1,"regions_unexplored:raw_redstone_block":5,"minecraft:redstone":105,"minecraft:stone_sword":1,"minecraft:rotten_flesh":7,"minecraft:mutton":2,"minecraft:white_wool":1,"minecraft:rail":5,"minecraft:cobblestone":234,"minecraft:birch_log":22,"minecraft:magma_block":11,"minecraft:feather":4,"minecraft:basalt":6,"minecraft:salmon":1,"minecraft:leather":1,"minecraft:smoker":1,"minecraft:tuff":1,"minecraft:oak_log":1,"minecraft:lapis_lazuli":9,"minecraft:blue_bed":3,"minecraft:dirt":19,"minecraft:bone":2,"minecraft:wheat_seeds":3,"minecraft:raw_gold":15,"minecraft:iron_ingot":9,"minecraft:gray_bed":2,"minecraft:oak_planks":2,"regions_unexplored:pine_sapling":2,"regions_unexplored:oak_shrub":1,"regions_unexplored:pine_planks":2,"tetra:geode":1,"minecraft:diamond":83,"regions_unexplored:clover":3,"minecraft:granite":7,"minecraft:gray_wool":1,"minecraft:bread":18,"minecraft:oak_sapling":1,"minecraft:coal":48},"minecraft:custom":{"minecraft:mob_kills":25,"minecraft:interact_with_crafting_table":34,"minecraft:open_barrel":1,"minecraft:bell_ring":2,"minecraft:leave_game":8,"minecraft:time_since_death":111415,"minecraft:sprint_one_cm":151350,"minecraft:walk_one_cm":242846,"minecraft:drop":14,"minecraft:talked_to_villager":2,"minecraft:play_time":111415,"minecraft:sneak_time":19952,"minecraft:walk_under_water_one_cm":12131,"minecraft:jump":1631,"minecraft:walk_on_water_one_cm":5857,"minecraft:total_world_time":111415,"minecraft:interact_with_furnace":8,"minecraft:sleep_in_bed":2,"minecraft:time_since_rest":83474,"minecraft:waystone_activated":1,"minecraft:damage_taken":1000,"minecraft:damage_dealt":3264,"minecraft:swim_one_cm":20048,"minecraft:fly_one_cm":191498,"minecraft:open_chest":47,"minecraft:crouch_one_cm":68559,"minecraft:interact_with_smoker":7,"minecraft:fall_one_cm":24809},"minecraft:mined":{"minecraft:tuff":10,"minecraft:deepslate_diamond_ore":52,"tetra:block_geode":1,"minecraft:sculk_vein":1,"regions_unexplored:oak_branch":2,"minecraft:granite":7,"biomesoplenty:bush":7,"minecraft:grass_block":9,"regions_unexplored:pine_planks":2,"regions_unexplored:raw_redstone_block":5,"minecraft:spawner":2,"minecraft:magma_block":12,"minecraft:redstone_ore":1,"minecraft:iron_ore":3,"minecraft:deepslate_lapis_ore":2,"regions_unexplored:pine_leaves":1,"minecraft:sculk_shrieker":1,"minecraft:pointed_dripstone":1,"biomesoplenty:high_grass":4,"minecraft:deepslate_iron_ore":35,"minecraft:dirt_path":1,"minecraft:rail":5,"biomesoplenty:webbing":4,"regions_unexplored:ash_vent":3,"regions_unexplored:medium_grass":2,"regions_unexplored:larch_log":1,"minecraft:stone":211,"minecraft:deepslate_redstone_ore":20,"minecraft:smoker":1,"minecraft:basalt":7,"minecraft:powder_snow":1,"minecraft:crafting_table":1,"minecraft:torch":9,"regions_unexplored:volcanic_ash":2,"minecraft:sculk_sensor":3,"biomesoplenty:high_grass_plant":4,"minecraft:tall_grass":6,"minecraft:cobblestone":1,"minecraft:deepslate_gold_ore":15,"minecraft:oak_planks":2,"minecraft:sculk":19,"minecraft:wall_torch":3,"minecraft:blue_bed":3,"regions_unexplored:pine_log":24,"minecraft:deepslate_copper_ore":1,"regions_unexplored:redstone_bud":4,"minecraft:birch_log":23,"minecraft:gray_bed":2,"minecraft:birch_leaves":28,"minecraft:grass":11,"regions_unexplored:oak_shrub":1,"minecraft:oak_log":1,"minecraft:coal_ore":48,"minecraft:gravel":1,"minecraft:dirt":19,"regions_unexplored:clover":1,"regions_unexplored:stripped_pine_log":2,"minecraft:fern":1,"minecraft:oak_leaves":72,"minecraft:deepslate":286}},"DataVersion":3465}