{"stats":{"minecraft:dropped":{"minecraft:cooked_chicken":3,"minecraft:cooked_mutton":2},"minecraft:used":{"regions_unexplored:pine_planks":8,"minecraft:stone_sword":66,"minecraft:stone_pickaxe":147,"minecraft:chest":4,"minecraft:wooden_pickaxe":28,"minecraft:blue_bed":3,"minecraft:cooked_salmon":4,"minecraft:torch":1,"minecraft:dirt":9,"minecraft:crafting_table":1,"minecraft:snowball":6,"minecraft:smoker":1,"minecraft:iron_pickaxe":8,"minecraft:stone_axe":30,"minecraft:cooked_porkchop":1},"minecraft:crafted":{"minecraft:cooked_beef":7,"minecraft:cooked_porkchop":11,"minecraft:crafting_table":1,"minecraft:wooden_pickaxe":1,"minecraft:cooked_chicken":3,"minecraft:cooked_salmon":7,"regions_unexplored:larch_planks":4,"minecraft:stone_axe":1,"minecraft:cooked_mutton":2,"minecraft:air":0,"regions_unexplored:pine_planks":96,"minecraft:shield":1,"minecraft:stick":20,"minecraft:iron_pickaxe":1,"minecraft:stone_pickaxe":2,"minecraft:stone_sword":1,"minecraft:chest":4,"minecraft:torch":4},"minecraft:killed":{"minecraft:pig":4,"minecraft:salmon":1,"minecraft:iron_golem":1,"minecraft:sheep":2,"minecraft:chicken":3,"minecraft:cow":3},"minecraft:picked_up":{"minecraft:birch_log":1,"minecraft:crafting_table":1,"minecraft:feather":4,"minecraft:chicken":3,"minecraft:salmon":1,"minecraft:leather":1,"minecraft:smoker":1,"minecraft:blue_bed":3,"minecraft:dirt":19,"regions_unexplored:stripped_pine_log":2,"minecraft:wheat_seeds":3,"regions_unexplored:pine_log":23,"minecraft:cobbled_deepslate":5,"minecraft:beef":7,"minecraft:iron_ingot":4,"regions_unexplored:larch_log":1,"minecraft:poppy":2,"minecraft:stick":3,"minecraft:raw_iron":3,"regions_unexplored:pine_sapling":2,"minecraft:torch":1,"regions_unexplored:pine_planks":2,"minecraft:porkchop":11,"regions_unexplored:raw_redstone_block":3,"minecraft:redstone":27,"regions_unexplored:clover":3,"minecraft:granite":4,"minecraft:gray_wool":1,"minecraft:bread":18,"minecraft:mutton":2,"minecraft:coal":17,"minecraft:rail":5,"minecraft:white_wool":1,"minecraft:cobblestone":133},"minecraft:custom":{"minecraft:interact_with_furnace":6,"minecraft:mob_kills":14,"minecraft:interact_with_crafting_table":6,"minecraft:leave_game":3,"minecraft:time_since_death":45312,"minecraft:sleep_in_bed":2,"minecraft:time_since_rest":17371,"minecraft:waystone_activated":1,"minecraft:sprint_one_cm":91215,"minecraft:damage_taken":270,"minecraft:walk_one_cm":102110,"minecraft:drop":2,"minecraft:damage_dealt":2100,"minecraft:swim_one_cm":17216,"minecraft:fly_one_cm":139913,"minecraft:open_chest":4,"minecraft:crouch_one_cm":16880,"minecraft:play_time":45312,"minecraft:sneak_time":5397,"minecraft:walk_under_water_one_cm":12068,"minecraft:jump":712,"minecraft:walk_on_water_one_cm":5672,"minecraft:interact_with_smoker":6,"minecraft:total_world_time":45312,"minecraft:fall_one_cm":15800},"minecraft:mined":{"minecraft:deepslate_redstone_ore":3,"minecraft:smoker":1,"minecraft:powder_snow":1,"minecraft:torch":1,"minecraft:crafting_table":1,"minecraft:granite":4,"biomesoplenty:bush":1,"minecraft:grass_block":8,"biomesoplenty:high_grass_plant":1,"minecraft:tall_grass":5,"regions_unexplored:pine_planks":2,"regions_unexplored:raw_redstone_block":3,"minecraft:blue_bed":3,"regions_unexplored:pine_log":24,"minecraft:redstone_ore":1,"regions_unexplored:redstone_bud":2,"minecraft:birch_log":1,"minecraft:iron_ore":3,"minecraft:grass":9,"minecraft:coal_ore":17,"minecraft:dirt_path":1,"minecraft:rail":5,"minecraft:dirt":10,"regions_unexplored:clover":1,"regions_unexplored:medium_grass":1,"regions_unexplored:stripped_pine_log":2,"regions_unexplored:larch_log":1,"minecraft:stone":130,"minecraft:deepslate":4}},"DataVersion":3465}