{"stats":{"minecraft:used":{"minecraft:snowball":6,"minecraft:cooked_salmon":1},"minecraft:crafted":{"minecraft:cooked_salmon":1,"regions_unexplored:pine_planks":20,"minecraft:shield":1},"minecraft:picked_up":{"regions_unexplored:stripped_pine_log":1,"regions_unexplored:pine_log":5,"minecraft:iron_ingot":1,"minecraft:blue_bed":1},"minecraft:mined":{"regions_unexplored:stripped_pine_log":1,"minecraft:powder_snow":1,"minecraft:blue_bed":1,"regions_unexplored:pine_log":6},"minecraft:custom":{"minecraft:open_chest":2,"minecraft:time_since_rest":10729,"minecraft:crouch_one_cm":1539,"minecraft:sprint_one_cm":48845,"minecraft:interact_with_furnace":2,"minecraft:play_time":10729,"minecraft:damage_taken":40,"minecraft:walk_one_cm":32308,"minecraft:sneak_time":353,"minecraft:walk_under_water_one_cm":353,"minecraft:jump":174,"minecraft:damage_dealt":10,"minecraft:leave_game":1,"minecraft:walk_on_water_one_cm":128,"minecraft:time_since_death":10729,"minecraft:total_world_time":10729,"minecraft:interact_with_crafting_table":1,"minecraft:fall_one_cm":5550,"minecraft:fly_one_cm":47310}},"DataVersion":3465}