{"stats":{"minecraft:used":{"minecraft:stone_sword":40,"minecraft:stone_pickaxe":1,"minecraft:wooden_pickaxe":28,"minecraft:blue_bed":1,"minecraft:cooked_salmon":4,"minecraft:snowball":6},"minecraft:crafted":{"regions_unexplored:pine_planks":24,"minecraft:shield":1,"minecraft:crafting_table":1,"minecraft:stick":12,"minecraft:stone_pickaxe":2,"minecraft:wooden_pickaxe":1,"minecraft:stone_sword":1,"minecraft:cooked_salmon":7,"regions_unexplored:larch_planks":4,"minecraft:stone_axe":1,"minecraft:air":0},"minecraft:killed":{"minecraft:sheep":2,"minecraft:pig":4,"minecraft:chicken":3,"minecraft:salmon":1,"minecraft:cow":3},"minecraft:picked_up":{"minecraft:feather":4,"minecraft:chicken":3,"minecraft:salmon":1,"minecraft:leather":1,"minecraft:porkchop":11,"minecraft:blue_bed":2,"minecraft:dirt":8,"regions_unexplored:stripped_pine_log":1,"minecraft:wheat_seeds":3,"regions_unexplored:pine_log":5,"minecraft:beef":7,"minecraft:iron_ingot":1,"minecraft:gray_wool":1,"regions_unexplored:larch_log":1,"minecraft:mutton":2,"minecraft:coal":13,"minecraft:white_wool":1,"minecraft:cobblestone":13},"minecraft:mined":{"minecraft:powder_snow":1,"minecraft:grass":7,"minecraft:grass_block":7,"minecraft:coal_ore":13,"minecraft:dirt":1,"biomesoplenty:high_grass_plant":1,"minecraft:tall_grass":5,"regions_unexplored:stripped_pine_log":1,"regions_unexplored:larch_log":1,"minecraft:stone":13,"minecraft:blue_bed":2,"regions_unexplored:pine_log":6},"minecraft:custom":{"minecraft:time_since_rest":8465,"minecraft:interact_with_furnace":6,"minecraft:sprint_one_cm":73677,"minecraft:damage_taken":180,"minecraft:walk_one_cm":64647,"minecraft:mob_kills":13,"minecraft:damage_dealt":1000,"minecraft:interact_with_crafting_table":4,"minecraft:swim_one_cm":13929,"minecraft:fly_one_cm":118031,"minecraft:open_chest":2,"minecraft:crouch_one_cm":6366,"minecraft:play_time":22729,"minecraft:sneak_time":1677,"minecraft:walk_under_water_one_cm":10512,"minecraft:jump":501,"minecraft:leave_game":1,"minecraft:time_since_death":22729,"minecraft:walk_on_water_one_cm":2971,"minecraft:sleep_in_bed":1,"minecraft:total_world_time":22729,"minecraft:fall_one_cm":10589}},"DataVersion":3465}