{"stats":{"minecraft:dropped":{"minecraft:cooked_chicken":3,"minecraft:stone_sword":1,"minecraft:crafting_table":1,"minecraft:cobblestone":66,"minecraft:cooked_mutton":2,"minecraft:gunpowder":5,"minecraft:string":2,"minecraft:bone":1},"minecraft:used":{"regions_unexplored:pine_planks":8,"minecraft:stone_sword":92,"minecraft:stone_pickaxe":188,"minecraft:poppy":1,"minecraft:chest":7,"minecraft:wooden_pickaxe":28,"minecraft:cooked_salmon":7,"minecraft:blue_bed":3,"minecraft:torch":19,"minecraft:dirt":9,"minecraft:crafting_table":2,"minecraft:snowball":6,"minecraft:smoker":1,"minecraft:granite":6,"minecraft:diamond_pickaxe":334,"minecraft:bread":2,"minecraft:iron_pickaxe":225,"minecraft:basalt":6,"minecraft:stone_axe":32,"minecraft:cobblestone":129,"minecraft:gray_bed":2,"minecraft:cooked_porkchop":3,"minecraft:cooked_beef":3,"minecraft:cobbled_deepslate":127},"minecraft:crafted":{"minecraft:cooked_beef":7,"minecraft:cooked_porkchop":11,"minecraft:crafting_table":3,"minecraft:cooked_chicken":3,"minecraft:wooden_pickaxe":1,"minecraft:cooked_salmon":7,"regions_unexplored:larch_planks":4,"minecraft:stone_axe":1,"minecraft:cooked_mutton":2,"minecraft:air":0,"regions_unexplored:pine_planks":96,"minecraft:diamond_pickaxe":1,"minecraft:shield":1,"minecraft:stick":24,"minecraft:iron_pickaxe":1,"minecraft:stone_pickaxe":2,"minecraft:stone_sword":1,"minecraft:chest":7,"minecraft:torch":32},"minecraft:killed":{"minecraft:pig":4,"minecraft:salmon":1,"minecraft:spider":2,"minecraft:iron_golem":1,"minecraft:skeleton":1,"minecraft:sheep":2,"minecraft:zombie":1,"alexsmobs:cockroach":1,"minecraft:chicken":3,"minecraft:cow":3},"minecraft:picked_up":{"minecraft:birch_log":1,"minecraft:crafting_table":1,"minecraft:magma_block":11,"minecraft:feather":4,"minecraft:basalt":6,"minecraft:chicken":3,"minecraft:salmon":1,"minecraft:leather":1,"minecraft:smoker":1,"minecraft:tuff":1,"minecraft:lapis_lazuli":9,"minecraft:string":2,"minecraft:dirt":19,"minecraft:blue_bed":3,"minecraft:raw_copper":2,"minecraft:bone":2,"regions_unexplored:stripped_pine_log":2,"minecraft:wheat_seeds":3,"regions_unexplored:pine_log":23,"minecraft:cobbled_deepslate":254,"minecraft:raw_gold":15,"minecraft:iron_ingot":4,"minecraft:beef":7,"regions_unexplored:larch_log":1,"minecraft:poppy":3,"minecraft:gray_bed":2,"minecraft:oak_planks":2,"minecraft:stick":3,"minecraft:raw_iron":38,"regions_unexplored:ash_vent":3,"regions_unexplored:pine_sapling":2,"minecraft:torch":12,"regions_unexplored:pine_planks":2,"regions_unexplored:volcanic_ash":1,"minecraft:porkchop":11,"minecraft:pointed_dripstone":1,"regions_unexplored:raw_redstone_block":5,"minecraft:redstone":105,"minecraft:stone_sword":1,"tetra:geode":1,"minecraft:diamond":83,"regions_unexplored:clover":3,"minecraft:granite":7,"minecraft:gray_wool":1,"minecraft:bread":18,"minecraft:mutton":2,"minecraft:rail":5,"minecraft:coal":48,"minecraft:white_wool":1,"minecraft:cobblestone":232},"minecraft:custom":{"minecraft:interact_with_furnace":7,"minecraft:mob_kills":19,"minecraft:interact_with_crafting_table":22,"minecraft:open_barrel":1,"minecraft:leave_game":7,"minecraft:time_since_death":94559,"minecraft:sleep_in_bed":2,"minecraft:time_since_rest":66618,"minecraft:waystone_activated":1,"minecraft:damage_taken":924,"minecraft:sprint_one_cm":111566,"minecraft:walk_one_cm":211990,"minecraft:drop":12,"minecraft:damage_dealt":2879,"minecraft:swim_one_cm":20048,"minecraft:fly_one_cm":158473,"minecraft:open_chest":27,"minecraft:crouch_one_cm":58709,"minecraft:play_time":94559,"minecraft:sneak_time":18023,"minecraft:walk_under_water_one_cm":12131,"minecraft:jump":1429,"minecraft:walk_on_water_one_cm":5857,"minecraft:total_world_time":94559,"minecraft:interact_with_smoker":6,"minecraft:fall_one_cm":20931},"minecraft:mined":{"minecraft:deepslate_redstone_ore":20,"minecraft:tuff":10,"minecraft:deepslate_diamond_ore":52,"tetra:block_geode":1,"minecraft:smoker":1,"minecraft:sculk_vein":1,"minecraft:basalt":7,"minecraft:powder_snow":1,"minecraft:crafting_table":1,"minecraft:torch":9,"minecraft:granite":7,"biomesoplenty:bush":1,"minecraft:grass_block":9,"regions_unexplored:volcanic_ash":2,"minecraft:sculk_sensor":3,"biomesoplenty:high_grass_plant":4,"minecraft:tall_grass":5,"minecraft:cobblestone":1,"regions_unexplored:pine_planks":2,"minecraft:deepslate_gold_ore":15,"minecraft:oak_planks":2,"minecraft:sculk":19,"regions_unexplored:raw_redstone_block":5,"minecraft:blue_bed":3,"minecraft:wall_torch":3,"minecraft:spawner":2,"regions_unexplored:pine_log":24,"minecraft:deepslate_copper_ore":1,"minecraft:redstone_ore":1,"minecraft:magma_block":12,"regions_unexplored:redstone_bud":4,"minecraft:birch_log":1,"minecraft:iron_ore":3,"minecraft:gray_bed":2,"minecraft:deepslate_lapis_ore":2,"minecraft:grass":10,"minecraft:sculk_shrieker":1,"minecraft:pointed_dripstone":1,"minecraft:coal_ore":48,"biomesoplenty:high_grass":4,"minecraft:deepslate_iron_ore":35,"minecraft:dirt_path":1,"minecraft:rail":5,"biomesoplenty:webbing":4,"minecraft:gravel":1,"minecraft:dirt":19,"regions_unexplored:ash_vent":3,"regions_unexplored:clover":1,"regions_unexplored:medium_grass":1,"regions_unexplored:stripped_pine_log":2,"regions_unexplored:larch_log":1,"minecraft:stone":209,"minecraft:deepslate":286}},"DataVersion":3465}