{"stats":{"minecraft:used":{"regions_unexplored:pine_planks":8,"minecraft:stone_sword":64,"minecraft:stone_pickaxe":7,"minecraft:wooden_pickaxe":28,"minecraft:blue_bed":2,"minecraft:cooked_salmon":4,"minecraft:dirt":9,"minecraft:crafting_table":1,"minecraft:snowball":6,"minecraft:iron_pickaxe":1,"minecraft:stone_axe":30,"minecraft:cooked_porkchop":1},"minecraft:crafted":{"minecraft:cooked_beef":7,"minecraft:cooked_porkchop":11,"minecraft:crafting_table":1,"minecraft:wooden_pickaxe":1,"minecraft:cooked_chicken":3,"minecraft:cooked_salmon":7,"regions_unexplored:larch_planks":4,"minecraft:stone_axe":1,"minecraft:cooked_mutton":2,"minecraft:air":0,"regions_unexplored:pine_planks":24,"minecraft:shield":1,"minecraft:stick":12,"minecraft:iron_pickaxe":1,"minecraft:stone_pickaxe":2,"minecraft:stone_sword":1},"minecraft:killed":{"minecraft:pig":4,"minecraft:salmon":1,"minecraft:iron_golem":1,"minecraft:sheep":2,"minecraft:chicken":3,"minecraft:cow":3},"minecraft:picked_up":{"minecraft:birch_log":1,"minecraft:crafting_table":1,"minecraft:feather":4,"minecraft:chicken":3,"minecraft:salmon":1,"minecraft:leather":1,"minecraft:smoker":1,"minecraft:blue_bed":3,"minecraft:dirt":19,"regions_unexplored:stripped_pine_log":2,"minecraft:wheat_seeds":3,"regions_unexplored:pine_log":23,"minecraft:beef":7,"minecraft:iron_ingot":4,"regions_unexplored:larch_log":1,"minecraft:poppy":2,"minecraft:stick":3,"regions_unexplored:pine_sapling":2,"regions_unexplored:pine_planks":2,"minecraft:porkchop":11,"regions_unexplored:clover":3,"minecraft:gray_wool":1,"minecraft:mutton":2,"minecraft:coal":13,"minecraft:white_wool":1,"minecraft:cobblestone":13},"minecraft:mined":{"minecraft:smoker":1,"minecraft:powder_snow":1,"minecraft:crafting_table":1,"minecraft:grass_block":8,"biomesoplenty:high_grass_plant":1,"minecraft:tall_grass":5,"regions_unexplored:pine_planks":2,"minecraft:blue_bed":3,"regions_unexplored:pine_log":24,"minecraft:birch_log":1,"minecraft:grass":9,"minecraft:coal_ore":13,"minecraft:dirt_path":1,"minecraft:dirt":10,"regions_unexplored:clover":1,"regions_unexplored:medium_grass":1,"regions_unexplored:stripped_pine_log":2,"regions_unexplored:larch_log":1,"minecraft:stone":13},"minecraft:custom":{"minecraft:interact_with_furnace":6,"minecraft:mob_kills":14,"minecraft:interact_with_crafting_table":5,"minecraft:leave_game":3,"minecraft:time_since_death":33938,"minecraft:sleep_in_bed":2,"minecraft:time_since_rest":5997,"minecraft:waystone_activated":1,"minecraft:sprint_one_cm":84131,"minecraft:damage_taken":180,"minecraft:walk_one_cm":81744,"minecraft:damage_dealt":2000,"minecraft:swim_one_cm":13929,"minecraft:fly_one_cm":132332,"minecraft:open_chest":2,"minecraft:crouch_one_cm":9059,"minecraft:play_time":33938,"minecraft:sneak_time":3005,"minecraft:walk_under_water_one_cm":10512,"minecraft:jump":641,"minecraft:walk_on_water_one_cm":2971,"minecraft:interact_with_smoker":6,"minecraft:total_world_time":33938,"minecraft:fall_one_cm":12861}},"DataVersion":3465}