{"stats":{"minecraft:used":{"minecraft:bread":2,"minecraft:stone_shovel":82,"minecraft:stone_pickaxe":9,"minecraft:wooden_pickaxe":5,"minecraft:crafting_table":4},"minecraft:mined":{"minecraft:purple_bed":1,"regions_unexplored:frozen_grass":9,"minecraft:crafting_table":2,"regions_unexplored:pine_leaves":2,"minecraft:grass_block":51,"minecraft:dirt":31,"minecraft:spruce_leaves":1,"minecraft:stone":12,"regions_unexplored:pine_log":4},"minecraft:custom":{"minecraft:time_since_rest":4367,"minecraft:waystone_activated":1,"minecraft:sprint_one_cm":40716,"minecraft:damage_taken":290,"minecraft:walk_one_cm":55527,"minecraft:damage_dealt":96,"minecraft:player_kills":1,"minecraft:interact_with_crafting_table":5,"minecraft:talked_to_villager":3,"minecraft:fly_one_cm":119725,"minecraft:open_chest":5,"minecraft:crouch_one_cm":8331,"minecraft:play_time":32624,"minecraft:deaths":1,"minecraft:sneak_time":1968,"minecraft:jump":477,"minecraft:leave_game":3,"minecraft:time_since_death":21275,"minecraft:sleep_in_bed":1,"minecraft:total_world_time":32624,"minecraft:fall_one_cm":18151},"minecraft:killed_by":{"minecraft:player":1},"minecraft:crafted":{"regions_unexplored:pine_planks":16,"minecraft:stone_shovel":2,"minecraft:crafting_table":1,"minecraft:stick":12,"minecraft:wooden_pickaxe":1,"minecraft:stone_pickaxe":1},"minecraft:picked_up":{"minecraft:pink_petals":4,"minecraft:crafting_table":3,"minecraft:dirt":81,"minecraft:purple_bed":1,"minecraft:rotten_flesh":1,"regions_unexplored:pine_log":4,"waystones:waystone":1,"minecraft:white_tulip":1,"minecraft:pink_tulip":1,"minecraft:cobblestone":12}},"DataVersion":3465}