{"stats":{"minecraft:used":{"minecraft:stone_pickaxe":33,"minecraft:stone_shovel":177,"minecraft:bread":13,"minecraft:chest":2,"minecraft:wooden_pickaxe":5,"minecraft:cherry_planks":111,"minecraft:stone_axe":103,"minecraft:dirt":21,"minecraft:purple_bed":2,"minecraft:crafting_table":5},"minecraft:crafted":{"minecraft:cherry_planks":124,"regions_unexplored:pine_planks":16,"minecraft:stone_shovel":2,"minecraft:crafting_table":1,"minecraft:stick":12,"minecraft:wooden_pickaxe":1,"minecraft:stone_pickaxe":1,"minecraft:chest":2,"minecraft:stone_axe":1},"minecraft:killed_by":{"minecraft:player":1,"minecraft:skeleton":1,"minecraft:creeper":1},"minecraft:killed":{"minecraft:skeleton":1,"minecraft:zombie":3,"minecraft:pig":1,"minecraft:spider":1,"alexsmobs:seagull":1,"minecraft:cow":1},"minecraft:picked_up":{"minecraft:crafting_table":4,"minecraft:pink_petals":33,"minecraft:stick":4,"minecraft:feather":2,"minecraft:cherry_planks":3,"minecraft:leather":2,"minecraft:porkchop":2,"minecraft:cherry_log":39,"minecraft:blast_furnace":1,"minecraft:dirt":178,"minecraft:mossy_cobblestone":14,"minecraft:bone":2,"minecraft:purple_bed":2,"minecraft:rotten_flesh":3,"regions_unexplored:pine_log":4,"waystones:waystone":2,"minecraft:beef":1,"minecraft:white_tulip":1,"minecraft:cherry_sapling":12,"minecraft:pink_tulip":2,"minecraft:cobblestone":20},"minecraft:broken":{"minecraft:stone_shovel":1},"minecraft:mined":{"minecraft:pink_petals":4,"minecraft:purple_bed":2,"minecraft:cherry_planks":3,"minecraft:mossy_cobblestone":14,"minecraft:cherry_log":39,"regions_unexplored:frozen_grass":9,"minecraft:crafting_table":3,"gravestone:gravestone":1,"regions_unexplored:pine_leaves":2,"minecraft:grass":14,"minecraft:blast_furnace":1,"minecraft:grass_block":108,"minecraft:cherry_leaves":25,"minecraft:dirt":70,"minecraft:tall_grass":3,"minecraft:spruce_leaves":1,"minecraft:stone":20,"biomesoplenty:tundra_shrub":1,"regions_unexplored:pine_log":4},"minecraft:custom":{"minecraft:waystone_activated":1,"minecraft:time_since_rest":2749,"minecraft:sprint_one_cm":92674,"minecraft:damage_taken":1350,"minecraft:walk_one_cm":125658,"minecraft:mob_kills":8,"minecraft:damage_dealt":1336,"minecraft:interact_with_crafting_table":9,"minecraft:player_kills":1,"minecraft:swim_one_cm":13144,"minecraft:fly_one_cm":232478,"minecraft:talked_to_villager":4,"minecraft:open_chest":8,"minecraft:crouch_one_cm":22141,"minecraft:play_time":81034,"minecraft:sneak_time":5432,"minecraft:deaths":3,"minecraft:walk_under_water_one_cm":3475,"minecraft:jump":965,"minecraft:leave_game":7,"minecraft:time_since_death":35654,"minecraft:walk_on_water_one_cm":1091,"minecraft:sleep_in_bed":4,"minecraft:total_world_time":81034,"minecraft:climb_one_cm":96,"minecraft:fall_one_cm":36428}},"DataVersion":3465}