{"stats":{"minecraft:used":{"minecraft:stone_shovel":172,"minecraft:bread":2,"minecraft:stone_pickaxe":23,"minecraft:wooden_pickaxe":5,"minecraft:stone_axe":26,"minecraft:dirt":6,"minecraft:crafting_table":4},"minecraft:crafted":{"regions_unexplored:pine_planks":16,"minecraft:stone_shovel":2,"minecraft:crafting_table":1,"minecraft:stick":12,"minecraft:wooden_pickaxe":1,"minecraft:stone_pickaxe":1,"minecraft:stone_axe":1},"minecraft:killed_by":{"minecraft:player":1},"minecraft:picked_up":{"minecraft:pink_petals":20,"minecraft:stick":1,"minecraft:crafting_table":3,"minecraft:cherry_log":22,"minecraft:mossy_cobblestone":14,"minecraft:dirt":172,"minecraft:purple_bed":1,"minecraft:rotten_flesh":1,"regions_unexplored:pine_log":4,"waystones:waystone":1,"minecraft:white_tulip":1,"minecraft:cherry_sapling":2,"minecraft:pink_tulip":2,"minecraft:cobblestone":12},"minecraft:broken":{"minecraft:stone_shovel":1},"minecraft:mined":{"minecraft:purple_bed":1,"minecraft:mossy_cobblestone":14,"minecraft:cherry_log":22,"regions_unexplored:frozen_grass":9,"minecraft:crafting_table":2,"regions_unexplored:pine_leaves":2,"minecraft:grass_block":108,"minecraft:cherry_leaves":4,"minecraft:dirt":64,"minecraft:spruce_leaves":1,"minecraft:stone":12,"regions_unexplored:pine_log":4},"minecraft:custom":{"minecraft:time_since_rest":7835,"minecraft:waystone_activated":1,"minecraft:sprint_one_cm":40944,"minecraft:damage_taken":290,"minecraft:walk_one_cm":59536,"minecraft:damage_dealt":96,"minecraft:talked_to_villager":3,"minecraft:interact_with_crafting_table":6,"minecraft:fly_one_cm":119752,"minecraft:player_kills":1,"minecraft:open_chest":5,"minecraft:crouch_one_cm":17083,"minecraft:play_time":36092,"minecraft:deaths":1,"minecraft:sneak_time":4043,"minecraft:jump":494,"minecraft:leave_game":3,"minecraft:time_since_death":24743,"minecraft:sleep_in_bed":1,"minecraft:total_world_time":36092,"minecraft:fall_one_cm":18420}},"DataVersion":3465}