{"stats":{"minecraft:used":{"minecraft:stone_shovel":177,"minecraft:bread":4,"minecraft:stone_pickaxe":31,"minecraft:wooden_pickaxe":5,"minecraft:cherry_planks":89,"minecraft:stone_axe":39,"minecraft:dirt":21,"minecraft:purple_bed":1,"minecraft:crafting_table":5},"minecraft:crafted":{"minecraft:cherry_planks":88,"regions_unexplored:pine_planks":16,"minecraft:stone_shovel":2,"minecraft:crafting_table":1,"minecraft:stick":12,"minecraft:wooden_pickaxe":1,"minecraft:stone_pickaxe":1,"minecraft:stone_axe":1},"minecraft:killed_by":{"minecraft:player":1,"minecraft:skeleton":1,"minecraft:creeper":1},"minecraft:killed":{"minecraft:zombie":2},"minecraft:picked_up":{"minecraft:pink_petals":33,"minecraft:stick":4,"minecraft:crafting_table":4,"minecraft:cherry_planks":1,"minecraft:cherry_log":22,"minecraft:mossy_cobblestone":14,"minecraft:dirt":178,"minecraft:purple_bed":2,"minecraft:rotten_flesh":3,"regions_unexplored:pine_log":4,"waystones:waystone":1,"minecraft:white_tulip":1,"minecraft:cherry_sapling":9,"minecraft:pink_tulip":2,"minecraft:cobblestone":20},"minecraft:broken":{"minecraft:stone_shovel":1},"minecraft:custom":{"minecraft:time_since_rest":1213,"minecraft:waystone_activated":1,"minecraft:sprint_one_cm":52597,"minecraft:damage_taken":880,"minecraft:walk_one_cm":90862,"minecraft:mob_kills":2,"minecraft:damage_dealt":496,"minecraft:interact_with_crafting_table":7,"minecraft:fly_one_cm":134513,"minecraft:player_kills":1,"minecraft:talked_to_villager":3,"minecraft:open_chest":6,"minecraft:crouch_one_cm":18598,"minecraft:play_time":47456,"minecraft:deaths":3,"minecraft:sneak_time":4354,"minecraft:jump":584,"minecraft:leave_game":4,"minecraft:time_since_death":2076,"minecraft:sleep_in_bed":3,"minecraft:climb_one_cm":96,"minecraft:total_world_time":47456,"minecraft:fall_one_cm":21737},"minecraft:mined":{"minecraft:pink_petals":4,"minecraft:purple_bed":2,"minecraft:cherry_planks":1,"minecraft:mossy_cobblestone":14,"minecraft:cherry_log":22,"regions_unexplored:frozen_grass":9,"minecraft:crafting_table":3,"gravestone:gravestone":1,"regions_unexplored:pine_leaves":2,"minecraft:grass":7,"minecraft:grass_block":108,"minecraft:cherry_leaves":8,"minecraft:dirt":70,"minecraft:spruce_leaves":1,"minecraft:stone":20,"regions_unexplored:pine_log":4}},"DataVersion":3465}