{"stats":{"minecraft:used":{"minecraft:stone_shovel":177,"minecraft:bread":5,"minecraft:stone_pickaxe":31,"minecraft:chest":2,"minecraft:wooden_pickaxe":5,"minecraft:cherry_planks":111,"minecraft:stone_axe":76,"minecraft:dirt":21,"minecraft:purple_bed":2,"minecraft:crafting_table":5},"minecraft:crafted":{"minecraft:cherry_planks":124,"regions_unexplored:pine_planks":16,"minecraft:stone_shovel":2,"minecraft:crafting_table":1,"minecraft:stick":12,"minecraft:wooden_pickaxe":1,"minecraft:stone_pickaxe":1,"minecraft:chest":2,"minecraft:stone_axe":1},"minecraft:killed_by":{"minecraft:player":1,"minecraft:skeleton":1,"minecraft:creeper":1},"minecraft:killed":{"minecraft:zombie":2,"minecraft:cow":1},"minecraft:picked_up":{"minecraft:pink_petals":33,"minecraft:stick":4,"minecraft:crafting_table":4,"minecraft:cherry_planks":3,"minecraft:leather":2,"minecraft:cherry_log":39,"minecraft:mossy_cobblestone":14,"minecraft:dirt":178,"minecraft:purple_bed":2,"minecraft:rotten_flesh":3,"regions_unexplored:pine_log":4,"waystones:waystone":1,"minecraft:beef":1,"minecraft:white_tulip":1,"minecraft:cherry_sapling":12,"minecraft:pink_tulip":2,"minecraft:cobblestone":20},"minecraft:broken":{"minecraft:stone_shovel":1},"minecraft:mined":{"minecraft:pink_petals":4,"minecraft:purple_bed":2,"minecraft:cherry_planks":3,"minecraft:mossy_cobblestone":14,"minecraft:cherry_log":39,"regions_unexplored:frozen_grass":9,"minecraft:crafting_table":3,"gravestone:gravestone":1,"regions_unexplored:pine_leaves":2,"minecraft:grass":7,"minecraft:grass_block":108,"minecraft:cherry_leaves":25,"minecraft:dirt":70,"minecraft:spruce_leaves":1,"minecraft:stone":20,"regions_unexplored:pine_log":4},"minecraft:custom":{"minecraft:time_since_rest":24307,"minecraft:waystone_activated":1,"minecraft:sprint_one_cm":64990,"minecraft:damage_taken":920,"minecraft:walk_one_cm":108104,"minecraft:mob_kills":3,"minecraft:damage_dealt":596,"minecraft:interact_with_crafting_table":9,"minecraft:fly_one_cm":165684,"minecraft:player_kills":1,"minecraft:talked_to_villager":4,"minecraft:open_chest":7,"minecraft:crouch_one_cm":21086,"minecraft:play_time":70550,"minecraft:deaths":3,"minecraft:sneak_time":5270,"minecraft:jump":726,"minecraft:leave_game":6,"minecraft:time_since_death":25170,"minecraft:sleep_in_bed":3,"minecraft:total_world_time":70550,"minecraft:climb_one_cm":96,"minecraft:fall_one_cm":27195}},"DataVersion":3465}