{"stats":{"minecraft:dropped":{"minecraft:iron_ingot":1,"minecraft:bread":3,"minecraft:wheat_seeds":4,"minecraft:stick":2,"minecraft:torch":1,"minecraft:dead_bush":1,"gravestone:obituary":5,"minecraft:iron_axe":1,"minecraft:iron_pickaxe":1,"minecraft:string":1,"minecraft:stone_sword":1,"minecraft:tuff":2,"minecraft:rotten_flesh":34,"minecraft:cooked_mutton":2,"minecraft:pumpkin_seeds":2,"minecraft:potato":4,"minecraft:shield":2,"minecraft:gunpowder":1,"alexsmobs:cockroach_wing_fragment":1,"minecraft:stone_pickaxe":2},"minecraft:used":{"minecraft:stone_sword":202,"minecraft:spruce_planks":99,"minecraft:shield":51,"minecraft:cooked_salmon":10,"minecraft:stone_hoe":97,"minecraft:cooked_chicken":2,"minecraft:iron_chestplate":1,"minecraft:torch":63,"minecraft:dirt":11,"regions_unexplored:clover":51,"minecraft:wooden_axe":1,"minecraft:iron_axe":106,"minecraft:basalt":2,"regions_unexplored:larch_planks":5,"minecraft:furnace":16,"minecraft:acacia_wood":1,"minecraft:potato":10,"minecraft:cobbled_deepslate":20,"minecraft:wheat_seeds":18,"minecraft:cooked_mutton":5,"minecraft:stone_pickaxe":188,"minecraft:baked_potato":8,"regions_unexplored:peat_dirt":4,"minecraft:blackstone":1,"minecraft:wooden_pickaxe":35,"minecraft:sugar_cane":4,"minecraft:blue_bed":2,"minecraft:crafting_table":9,"minecraft:white_bed":1,"minecraft:spruce_log":6,"minecraft:smoker":2,"minecraft:bread":25,"minecraft:iron_pickaxe":271,"minecraft:spruce_sapling":4,"minecraft:stone_axe":104,"minecraft:cobblestone":111,"regions_unexplored:maple_log":1,"minecraft:bone_meal":18},"minecraft:crafted":{"minecraft:oak_planks":8,"minecraft:furnace":3,"regions_unexplored:larch_planks":40,"minecraft:bone_meal":18,"minecraft:cooked_mutton":13,"minecraft:iron_axe":1,"minecraft:stone_pickaxe":2,"minecraft:wheat":81,"minecraft:cooked_porkchop":6,"minecraft:crafting_table":5,"minecraft:spruce_planks":136,"minecraft:iron_helmet":1,"minecraft:wooden_pickaxe":2,"minecraft:baked_potato":13,"minecraft:cooked_salmon":5,"minecraft:stone_axe":2,"minecraft:bread":7,"minecraft:air":0,"minecraft:shield":3,"minecraft:stick":40,"minecraft:iron_ingot":30,"minecraft:iron_pickaxe":3,"minecraft:wooden_axe":1,"minecraft:stone_sword":2,"minecraft:iron_leggings":1,"minecraft:white_bed":1,"minecraft:torch":60},"minecraft:killed_by":{"minecraft:skeleton":7},"minecraft:killed":{"minecraft:cave_spider":1,"minecraft:witch":1,"minecraft:spider":4,"minecraft:skeleton":11,"artifacts:mimic":1,"minecraft:pig":3,"minecraft:salmon":14,"minecraft:creeper":7,"minecraft:sheep":9,"alexsmobs:cockroach":2,"minecraft:zombie":43,"alexsmobs:terrapin":2},"minecraft:picked_up":{"minecraft:crafting_table":6,"minecraft:iron_chestplate":1,"minecraft:wheat":7,"regions_unexplored:larch_planks":3,"minecraft:flower_pot":1,"minecraft:chest_minecart":1,"tetra:lubricant_dispenser":1,"minecraft:shield":1,"minecraft:string":3,"minecraft:iron_axe":1,"minecraft:cooked_salmon":8,"minecraft:blackstone":1,"minecraft:sea_pickle":2,"minecraft:cobbled_deepslate":20,"minecraft:spruce_planks":1,"tetra:metal_scrap":6,"regions_unexplored:larch_log":10,"minecraft:sugar_cane":4,"minecraft:furnace":15,"minecraft:raw_iron":58,"minecraft:stick":6,"minecraft:torch":18,"minecraft:porkchop":6,"regions_unexplored:raw_redstone_block":1,"minecraft:redstone":58,"minecraft:stone_sword":1,"minecraft:arrow":13,"minecraft:rotten_flesh":28,"minecraft:hay_block":9,"minecraft:mutton":13,"minecraft:cobblestone":162,"minecraft:white_wool":8,"minecraft:rail":5,"regions_unexplored:peat_dirt":4,"minecraft:basalt":2,"minecraft:salmon":12,"minecraft:smoker":3,"minecraft:acacia_wood":2,"minecraft:potato":4,"minecraft:tuff":2,"minecraft:oak_log":2,"minecraft:gunpowder":9,"msmlegacy:relic_infinity_blade":1,"minecraft:dirt":16,"minecraft:blue_bed":3,"minecraft:lantern":1,"minecraft:bone":13,"minecraft:bow":1,"minecraft:wheat_seeds":22,"minecraft:raw_gold":22,"alexsmobs:cockroach_wing_fragment":1,"minecraft:stone_pickaxe":2,"minecraft:cooked_chicken":2,"artifacts:steadfast_spikes":1,"minecraft:powered_rail":4,"minecraft:stone_hoe":1,"minecraft:spruce_sapling":10,"minecraft:dead_bush":1,"minecraft:spruce_log":85,"minecraft:spider_eye":1,"minecraft:spruce_door":1,"minecraft:pumpkin_seeds":2,"tetra:geode":5,"minecraft:diamond":4,"regions_unexplored:clover":51,"minecraft:bone_meal":1,"regions_unexplored:maple_log":1,"minecraft:spruce_sign":1,"minecraft:bread":2,"minecraft:damaged_anvil":1,"minecraft:coal":179},"minecraft:broken":{"minecraft:shield":1,"minecraft:iron_pickaxe":1},"minecraft:custom":{"minecraft:mob_kills":99,"minecraft:interact_with_crafting_table":23,"minecraft:open_barrel":10,"minecraft:leave_game":1,"minecraft:time_since_death":115673,"minecraft:climb_one_cm":1345,"minecraft:sprint_one_cm":395029,"minecraft:walk_one_cm":871113,"minecraft:damage_blocked_by_shield":3345,"minecraft:drop":30,"minecraft:talked_to_villager":11,"minecraft:play_time":250112,"minecraft:deaths":9,"minecraft:sneak_time":19001,"minecraft:walk_under_water_one_cm":43707,"minecraft:jump":4090,"minecraft:walk_on_water_one_cm":47681,"minecraft:total_world_time":250112,"minecraft:interact_with_furnace":41,"minecraft:sleep_in_bed":8,"minecraft:time_since_rest":54369,"minecraft:waystone_activated":1,"minecraft:damage_taken":4975,"minecraft:damage_dealt":15284,"minecraft:swim_one_cm":104039,"minecraft:fly_one_cm":734086,"minecraft:open_chest":33,"minecraft:crouch_one_cm":52934,"minecraft:interact_with_smoker":11,"minecraft:fall_one_cm":93202},"minecraft:mined":{"minecraft:tuff":2,"minecraft:spruce_planks":1,"minecraft:deepslate_diamond_ore":4,"regions_unexplored:maple_log":1,"tetra:block_geode":5,"regions_unexplored:larch_planks":3,"minecraft:potted_dead_bush":1,"gravestone:gravestone":4,"minecraft:grass_block":10,"tetra:forged_crate":4,"minecraft:spruce_leaves":6,"regions_unexplored:raw_redstone_block":1,"minecraft:hay_block":9,"minecraft:redstone_ore":13,"minecraft:furnace":15,"minecraft:cobbled_deepslate":2,"minecraft:iron_ore":43,"minecraft:acacia_wood":2,"regions_unexplored:larch_leaves":1,"minecraft:dirt_path":1,"biomesoplenty:high_grass":56,"minecraft:deepslate_iron_ore":17,"minecraft:rail":1,"biomesoplenty:webbing":1,"regions_unexplored:ash_vent":1,"regions_unexplored:medium_grass":11,"regions_unexplored:larch_log":10,"minecraft:stone":120,"minecraft:blackstone":1,"minecraft:smoker":3,"minecraft:basalt":2,"minecraft:spruce_door":1,"minecraft:crafting_table":6,"minecraft:torch":12,"regions_unexplored:peat_grass_block":3,"biomesoplenty:high_grass_plant":69,"minecraft:tall_grass":2,"minecraft:cobblestone":40,"biomesoplenty:sprout":8,"minecraft:deepslate_gold_ore":22,"minecraft:damaged_anvil":1,"minecraft:sugar_cane":4,"minecraft:blue_bed":3,"minecraft:wall_torch":4,"minecraft:wheat":7,"minecraft:ice":4,"minecraft:spruce_log":85,"minecraft:stone_brick_stairs":1,"minecraft:grass":32,"minecraft:coal_ore":159,"minecraft:oak_log":2,"regions_unexplored:peat_dirt":1,"minecraft:dirt":6,"regions_unexplored:clover":23,"minecraft:stone_bricks":1,"minecraft:oak_leaves":16,"minecraft:deepslate":34,"minecraft:fern":2}},"DataVersion":3465}