{"stats":{"minecraft:dropped":{"minecraft:iron_ingot":1,"minecraft:bread":2,"minecraft:stone_sword":1,"minecraft:cooked_mutton":2,"minecraft:shield":2,"alexsmobs:cockroach_wing_fragment":1,"minecraft:torch":1,"gravestone:obituary":4,"minecraft:stone_pickaxe":1,"minecraft:iron_pickaxe":1},"minecraft:used":{"minecraft:wheat_seeds":8,"minecraft:cooked_mutton":2,"minecraft:stone_sword":202,"minecraft:stone_pickaxe":119,"minecraft:baked_potato":8,"regions_unexplored:peat_dirt":4,"minecraft:blackstone":1,"minecraft:spruce_planks":1,"minecraft:shield":29,"minecraft:wooden_pickaxe":35,"minecraft:cooked_salmon":6,"minecraft:stone_hoe":96,"minecraft:blue_bed":2,"minecraft:iron_chestplate":1,"minecraft:torch":8,"minecraft:dirt":1,"minecraft:crafting_table":6,"minecraft:white_bed":1,"minecraft:smoker":2,"minecraft:wooden_axe":1,"minecraft:bread":15,"minecraft:iron_pickaxe":134,"minecraft:stone_axe":21,"minecraft:cobblestone":22,"regions_unexplored:larch_planks":5,"minecraft:furnace":15,"minecraft:acacia_wood":1,"minecraft:potato":6,"minecraft:bone_meal":6},"minecraft:crafted":{"minecraft:oak_planks":8,"minecraft:crafting_table":4,"minecraft:spruce_planks":20,"minecraft:wooden_pickaxe":2,"minecraft:baked_potato":13,"minecraft:furnace":3,"minecraft:cooked_salmon":5,"regions_unexplored:larch_planks":40,"minecraft:bone_meal":6,"minecraft:stone_axe":2,"minecraft:bread":1,"minecraft:cooked_mutton":4,"minecraft:air":0,"minecraft:shield":2,"minecraft:stick":28,"minecraft:iron_ingot":9,"minecraft:iron_pickaxe":2,"minecraft:stone_pickaxe":2,"minecraft:wooden_axe":1,"minecraft:white_bed":1,"minecraft:stone_sword":2,"minecraft:torch":8},"minecraft:killed_by":{"minecraft:skeleton":7},"minecraft:killed":{"minecraft:cave_spider":1,"minecraft:pig":3,"minecraft:witch":1,"minecraft:salmon":14,"minecraft:spider":2,"minecraft:creeper":3,"minecraft:sheep":8,"minecraft:skeleton":6,"minecraft:zombie":19,"alexsmobs:cockroach":1,"alexsmobs:terrapin":2},"minecraft:picked_up":{"minecraft:iron_chestplate":1,"regions_unexplored:peat_dirt":4,"minecraft:crafting_table":4,"minecraft:wheat":3,"regions_unexplored:larch_planks":3,"minecraft:chest_minecart":1,"minecraft:salmon":12,"minecraft:smoker":3,"minecraft:acacia_wood":2,"minecraft:oak_log":2,"minecraft:lantern":1,"minecraft:shield":1,"minecraft:gunpowder":4,"minecraft:blue_bed":3,"minecraft:dirt":2,"minecraft:cooked_salmon":8,"minecraft:bone":6,"minecraft:blackstone":1,"minecraft:sea_pickle":2,"minecraft:bow":1,"minecraft:wheat_seeds":8,"alexsmobs:cockroach_wing_fragment":1,"minecraft:cooked_chicken":2,"minecraft:stone_pickaxe":1,"regions_unexplored:larch_log":10,"minecraft:sugar_cane":3,"minecraft:powered_rail":4,"minecraft:stone_hoe":1,"minecraft:furnace":12,"minecraft:stick":1,"minecraft:raw_iron":30,"minecraft:torch":9,"minecraft:porkchop":6,"minecraft:spruce_log":5,"minecraft:redstone":2,"minecraft:spruce_door":1,"minecraft:spider_eye":1,"minecraft:pumpkin_seeds":2,"minecraft:stone_sword":1,"minecraft:arrow":6,"minecraft:rotten_flesh":15,"minecraft:hay_block":9,"minecraft:spruce_sign":1,"minecraft:bread":2,"minecraft:rail":5,"minecraft:mutton":13,"minecraft:coal":160,"minecraft:white_wool":8,"minecraft:cobblestone":95},"minecraft:mined":{"minecraft:blackstone":1,"minecraft:smoker":3,"minecraft:spruce_door":1,"minecraft:crafting_table":4,"regions_unexplored:larch_planks":3,"minecraft:torch":7,"gravestone:gravestone":3,"regions_unexplored:peat_grass_block":3,"minecraft:spruce_leaves":5,"biomesoplenty:sprout":8,"minecraft:sugar_cane":3,"minecraft:wall_torch":1,"minecraft:blue_bed":3,"minecraft:hay_block":9,"minecraft:furnace":12,"minecraft:acacia_wood":2,"minecraft:iron_ore":28,"minecraft:wheat":3,"minecraft:ice":4,"minecraft:spruce_log":5,"regions_unexplored:larch_leaves":1,"minecraft:oak_log":2,"minecraft:grass":3,"minecraft:deepslate_iron_ore":2,"minecraft:coal_ore":143,"minecraft:dirt_path":1,"minecraft:rail":1,"biomesoplenty:webbing":1,"regions_unexplored:peat_dirt":1,"minecraft:dirt":2,"regions_unexplored:larch_log":10,"minecraft:stone":94,"minecraft:oak_leaves":6,"minecraft:fern":2},"minecraft:custom":{"minecraft:interact_with_furnace":29,"minecraft:mob_kills":61,"minecraft:open_barrel":4,"minecraft:interact_with_crafting_table":12,"minecraft:leave_game":1,"minecraft:time_since_death":15097,"minecraft:sleep_in_bed":5,"minecraft:climb_one_cm":1329,"minecraft:waystone_activated":1,"minecraft:time_since_rest":2608,"minecraft:sprint_one_cm":278498,"minecraft:damage_taken":3654,"minecraft:walk_one_cm":467712,"minecraft:damage_blocked_by_shield":1935,"minecraft:drop":16,"minecraft:damage_dealt":8034,"minecraft:swim_one_cm":84572,"minecraft:talked_to_villager":9,"minecraft:fly_one_cm":543652,"minecraft:open_chest":7,"minecraft:crouch_one_cm":16991,"minecraft:play_time":106112,"minecraft:deaths":8,"minecraft:sneak_time":6956,"minecraft:walk_under_water_one_cm":34752,"minecraft:jump":2477,"minecraft:walk_on_water_one_cm":22112,"minecraft:interact_with_smoker":8,"minecraft:total_world_time":106112,"minecraft:fall_one_cm":53464}},"DataVersion":3465}