{"stats":{"minecraft:dropped":{"minecraft:iron_ingot":1,"minecraft:bread":2,"minecraft:stone_sword":1,"minecraft:cooked_mutton":2,"minecraft:shield":2,"alexsmobs:cockroach_wing_fragment":1,"minecraft:torch":1,"gravestone:obituary":4,"minecraft:stone_pickaxe":1,"minecraft:iron_pickaxe":1},"minecraft:used":{"minecraft:wheat_seeds":8,"minecraft:cooked_mutton":2,"minecraft:stone_sword":180,"minecraft:stone_pickaxe":119,"minecraft:baked_potato":8,"regions_unexplored:peat_dirt":4,"minecraft:blackstone":1,"minecraft:spruce_planks":1,"minecraft:shield":27,"minecraft:wooden_pickaxe":35,"minecraft:cooked_salmon":5,"minecraft:stone_hoe":96,"minecraft:blue_bed":2,"minecraft:torch":8,"minecraft:dirt":1,"minecraft:crafting_table":6,"minecraft:white_bed":1,"minecraft:smoker":2,"minecraft:wooden_axe":1,"minecraft:bread":10,"minecraft:iron_pickaxe":113,"minecraft:stone_axe":21,"minecraft:cobblestone":19,"regions_unexplored:larch_planks":5,"minecraft:furnace":14,"minecraft:acacia_wood":1,"minecraft:potato":5,"minecraft:bone_meal":6},"minecraft:crafted":{"minecraft:oak_planks":8,"minecraft:crafting_table":4,"minecraft:spruce_planks":20,"minecraft:wooden_pickaxe":2,"minecraft:baked_potato":13,"minecraft:furnace":3,"minecraft:cooked_salmon":5,"regions_unexplored:larch_planks":40,"minecraft:bone_meal":6,"minecraft:stone_axe":2,"minecraft:bread":1,"minecraft:cooked_mutton":4,"minecraft:air":0,"minecraft:shield":2,"minecraft:stick":28,"minecraft:iron_ingot":9,"minecraft:iron_pickaxe":2,"minecraft:stone_pickaxe":2,"minecraft:wooden_axe":1,"minecraft:white_bed":1,"minecraft:stone_sword":2,"minecraft:torch":8},"minecraft:killed_by":{"minecraft:skeleton":7},"minecraft:killed":{"minecraft:cave_spider":1,"minecraft:witch":1,"minecraft:salmon":14,"minecraft:spider":2,"minecraft:creeper":3,"minecraft:sheep":6,"minecraft:skeleton":5,"minecraft:zombie":18,"alexsmobs:cockroach":1,"alexsmobs:terrapin":2},"minecraft:picked_up":{"regions_unexplored:peat_dirt":4,"minecraft:crafting_table":4,"minecraft:wheat":3,"regions_unexplored:larch_planks":3,"minecraft:chest_minecart":1,"minecraft:salmon":12,"minecraft:smoker":3,"minecraft:acacia_wood":2,"minecraft:oak_log":2,"minecraft:lantern":1,"minecraft:shield":1,"minecraft:gunpowder":4,"minecraft:blue_bed":3,"minecraft:dirt":2,"minecraft:bone":4,"minecraft:blackstone":1,"minecraft:sea_pickle":2,"minecraft:bow":1,"minecraft:wheat_seeds":8,"alexsmobs:cockroach_wing_fragment":1,"minecraft:stone_pickaxe":1,"regions_unexplored:larch_log":10,"minecraft:powered_rail":4,"minecraft:stone_hoe":1,"minecraft:furnace":12,"minecraft:stick":1,"minecraft:raw_iron":25,"minecraft:torch":9,"minecraft:spruce_log":5,"minecraft:redstone":2,"minecraft:spruce_door":1,"minecraft:spider_eye":1,"minecraft:pumpkin_seeds":2,"minecraft:stone_sword":1,"minecraft:arrow":5,"minecraft:rotten_flesh":15,"minecraft:hay_block":9,"minecraft:spruce_sign":1,"minecraft:rail":5,"minecraft:mutton":10,"minecraft:coal":158,"minecraft:white_wool":6,"minecraft:cobblestone":82},"minecraft:mined":{"minecraft:blackstone":1,"minecraft:smoker":3,"minecraft:spruce_door":1,"minecraft:crafting_table":4,"regions_unexplored:larch_planks":3,"minecraft:torch":7,"gravestone:gravestone":3,"regions_unexplored:peat_grass_block":3,"minecraft:spruce_leaves":5,"biomesoplenty:sprout":8,"minecraft:wall_torch":1,"minecraft:blue_bed":3,"minecraft:hay_block":9,"minecraft:furnace":12,"minecraft:acacia_wood":2,"minecraft:iron_ore":23,"minecraft:wheat":3,"minecraft:ice":4,"minecraft:spruce_log":5,"regions_unexplored:larch_leaves":1,"minecraft:oak_log":2,"minecraft:grass":3,"minecraft:deepslate_iron_ore":2,"minecraft:coal_ore":141,"minecraft:dirt_path":1,"minecraft:rail":1,"biomesoplenty:webbing":1,"regions_unexplored:peat_dirt":1,"minecraft:dirt":1,"regions_unexplored:larch_log":10,"minecraft:stone":80,"minecraft:oak_leaves":6,"minecraft:fern":2},"minecraft:custom":{"minecraft:interact_with_furnace":26,"minecraft:mob_kills":54,"minecraft:open_barrel":4,"minecraft:interact_with_crafting_table":12,"minecraft:leave_game":1,"minecraft:time_since_death":3097,"minecraft:sleep_in_bed":4,"minecraft:time_since_rest":3122,"minecraft:sprint_one_cm":226862,"minecraft:damage_taken":3425,"minecraft:walk_one_cm":436858,"minecraft:damage_blocked_by_shield":1800,"minecraft:drop":16,"minecraft:damage_dealt":7086,"minecraft:swim_one_cm":76697,"minecraft:talked_to_villager":9,"minecraft:fly_one_cm":446830,"minecraft:open_chest":6,"minecraft:crouch_one_cm":15758,"minecraft:play_time":94112,"minecraft:deaths":8,"minecraft:sneak_time":6497,"minecraft:walk_under_water_one_cm":34217,"minecraft:jump":2022,"minecraft:walk_on_water_one_cm":21337,"minecraft:interact_with_smoker":6,"minecraft:total_world_time":94112,"minecraft:fall_one_cm":40294}},"DataVersion":3465}