{"stats":{"minecraft:dropped":{"minecraft:iron_ingot":1,"minecraft:bread":2,"minecraft:stone_sword":1,"minecraft:cooked_mutton":2,"minecraft:shield":2,"alexsmobs:cockroach_wing_fragment":1,"minecraft:torch":1,"gravestone:obituary":2,"minecraft:stone_pickaxe":1,"minecraft:iron_pickaxe":1},"minecraft:used":{"minecraft:wheat_seeds":8,"minecraft:cooked_mutton":2,"minecraft:stone_sword":97,"minecraft:stone_pickaxe":119,"minecraft:baked_potato":8,"regions_unexplored:peat_dirt":4,"minecraft:shield":4,"minecraft:wooden_pickaxe":35,"minecraft:cooked_salmon":3,"minecraft:stone_hoe":96,"minecraft:blue_bed":2,"minecraft:torch":3,"minecraft:dirt":1,"minecraft:crafting_table":5,"minecraft:smoker":2,"minecraft:wooden_axe":1,"minecraft:bread":4,"minecraft:iron_pickaxe":5,"minecraft:stone_axe":16,"regions_unexplored:larch_planks":3,"minecraft:furnace":13,"minecraft:potato":2,"minecraft:bone_meal":6},"minecraft:crafted":{"minecraft:crafting_table":3,"minecraft:spruce_planks":20,"minecraft:wooden_pickaxe":2,"minecraft:baked_potato":13,"minecraft:furnace":3,"minecraft:cooked_salmon":5,"regions_unexplored:larch_planks":40,"minecraft:bone_meal":6,"minecraft:stone_axe":2,"minecraft:bread":1,"minecraft:cooked_mutton":4,"minecraft:air":0,"minecraft:shield":2,"minecraft:stick":28,"minecraft:iron_ingot":9,"minecraft:iron_pickaxe":2,"minecraft:stone_pickaxe":2,"minecraft:wooden_axe":1,"minecraft:stone_sword":2,"minecraft:torch":8},"minecraft:killed_by":{"minecraft:skeleton":2},"minecraft:killed":{"minecraft:cave_spider":1,"minecraft:witch":1,"minecraft:salmon":10,"minecraft:spider":2,"minecraft:creeper":2,"minecraft:sheep":2,"minecraft:skeleton":2,"minecraft:zombie":6,"alexsmobs:cockroach":1,"alexsmobs:terrapin":2},"minecraft:picked_up":{"regions_unexplored:peat_dirt":4,"minecraft:crafting_table":4,"minecraft:wheat":3,"regions_unexplored:larch_planks":3,"minecraft:salmon":8,"minecraft:smoker":3,"minecraft:shield":1,"minecraft:gunpowder":2,"minecraft:blue_bed":3,"minecraft:dirt":2,"minecraft:bone":2,"minecraft:bow":1,"minecraft:wheat_seeds":8,"alexsmobs:cockroach_wing_fragment":1,"minecraft:stone_pickaxe":1,"regions_unexplored:larch_log":10,"minecraft:stone_hoe":1,"minecraft:furnace":12,"minecraft:stick":1,"minecraft:raw_iron":9,"minecraft:torch":3,"minecraft:spruce_log":5,"minecraft:redstone":2,"minecraft:spruce_door":1,"minecraft:spider_eye":1,"minecraft:stone_sword":1,"minecraft:arrow":2,"minecraft:rotten_flesh":5,"minecraft:mutton":4,"minecraft:coal":100,"minecraft:white_wool":2,"minecraft:cobblestone":53},"minecraft:mined":{"minecraft:smoker":3,"minecraft:spruce_door":1,"minecraft:crafting_table":4,"regions_unexplored:larch_planks":3,"minecraft:torch":2,"gravestone:gravestone":1,"regions_unexplored:peat_grass_block":3,"minecraft:spruce_leaves":5,"biomesoplenty:sprout":7,"minecraft:wall_torch":1,"minecraft:blue_bed":3,"minecraft:furnace":12,"minecraft:iron_ore":9,"minecraft:wheat":3,"minecraft:ice":4,"minecraft:spruce_log":5,"regions_unexplored:larch_leaves":1,"minecraft:grass":3,"minecraft:coal_ore":83,"minecraft:dirt_path":1,"biomesoplenty:webbing":1,"regions_unexplored:peat_dirt":1,"minecraft:dirt":1,"regions_unexplored:larch_log":10,"minecraft:stone":51,"minecraft:fern":2},"minecraft:custom":{"minecraft:interact_with_furnace":25,"minecraft:mob_kills":29,"minecraft:interact_with_crafting_table":11,"minecraft:leave_game":1,"minecraft:time_since_death":25280,"minecraft:sleep_in_bed":4,"minecraft:time_since_rest":11886,"minecraft:sprint_one_cm":166686,"minecraft:damage_taken":1585,"minecraft:walk_one_cm":333523,"minecraft:damage_blocked_by_shield":240,"minecraft:drop":14,"minecraft:damage_dealt":3730,"minecraft:swim_one_cm":37906,"minecraft:talked_to_villager":9,"minecraft:fly_one_cm":371344,"minecraft:open_chest":4,"minecraft:crouch_one_cm":10499,"minecraft:play_time":70112,"minecraft:deaths":3,"minecraft:sneak_time":4237,"minecraft:walk_under_water_one_cm":23307,"minecraft:jump":1494,"minecraft:walk_on_water_one_cm":5111,"minecraft:interact_with_smoker":6,"minecraft:total_world_time":70112,"minecraft:fall_one_cm":27521}},"DataVersion":3465}