{"stats":{"minecraft:dropped":{"minecraft:bread":2,"minecraft:stone_sword":1,"minecraft:cooked_mutton":2,"minecraft:torch":1,"gravestone:obituary":2,"minecraft:stone_pickaxe":1},"minecraft:used":{"minecraft:cooked_mutton":2,"minecraft:stone_sword":66,"minecraft:stone_pickaxe":78,"minecraft:baked_potato":8,"regions_unexplored:peat_dirt":4,"minecraft:wooden_pickaxe":25,"minecraft:blue_bed":2,"minecraft:torch":3,"minecraft:dirt":1,"minecraft:crafting_table":3,"minecraft:smoker":2,"minecraft:wooden_axe":1,"minecraft:bread":3,"minecraft:stone_axe":12,"regions_unexplored:larch_planks":3,"minecraft:furnace":8,"minecraft:potato":2},"minecraft:crafted":{"minecraft:crafting_table":3,"minecraft:spruce_planks":20,"minecraft:wooden_pickaxe":2,"minecraft:baked_potato":13,"minecraft:furnace":1,"regions_unexplored:larch_planks":32,"minecraft:stone_axe":1,"minecraft:cooked_mutton":4,"minecraft:air":0,"minecraft:stick":20,"minecraft:stone_pickaxe":1,"minecraft:wooden_axe":1,"minecraft:stone_sword":1,"minecraft:torch":4},"minecraft:killed_by":{"minecraft:skeleton":2},"minecraft:killed":{"minecraft:cave_spider":1,"minecraft:witch":1,"minecraft:salmon":3,"minecraft:spider":2,"minecraft:creeper":2,"minecraft:sheep":2,"minecraft:skeleton":1,"minecraft:zombie":4},"minecraft:picked_up":{"regions_unexplored:peat_dirt":4,"minecraft:crafting_table":2,"regions_unexplored:larch_planks":3,"minecraft:salmon":2,"minecraft:smoker":3,"minecraft:gunpowder":2,"minecraft:blue_bed":3,"minecraft:dirt":2,"minecraft:bow":1,"minecraft:stone_pickaxe":1,"regions_unexplored:larch_log":8,"minecraft:furnace":7,"minecraft:stick":1,"minecraft:torch":3,"minecraft:spruce_log":5,"minecraft:redstone":2,"minecraft:spider_eye":1,"minecraft:spruce_door":1,"minecraft:stone_sword":1,"minecraft:rotten_flesh":5,"minecraft:mutton":4,"minecraft:coal":59,"minecraft:white_wool":2,"minecraft:cobblestone":36},"minecraft:mined":{"minecraft:smoker":3,"minecraft:spruce_door":1,"minecraft:crafting_table":2,"regions_unexplored:larch_planks":3,"minecraft:torch":2,"gravestone:gravestone":1,"regions_unexplored:peat_grass_block":3,"minecraft:spruce_leaves":5,"minecraft:wall_torch":1,"minecraft:blue_bed":3,"minecraft:furnace":7,"minecraft:spruce_log":5,"regions_unexplored:larch_leaves":1,"minecraft:coal_ore":59,"minecraft:dirt_path":1,"biomesoplenty:webbing":1,"regions_unexplored:peat_dirt":1,"minecraft:dirt":1,"regions_unexplored:larch_log":8,"minecraft:stone":34},"minecraft:custom":{"minecraft:interact_with_furnace":4,"minecraft:mob_kills":16,"minecraft:interact_with_crafting_table":4,"minecraft:time_since_death":2900,"minecraft:sleep_in_bed":3,"minecraft:time_since_rest":1299,"minecraft:sprint_one_cm":109003,"minecraft:damage_taken":1415,"minecraft:walk_one_cm":245565,"minecraft:drop":9,"minecraft:damage_dealt":2610,"minecraft:swim_one_cm":16248,"minecraft:talked_to_villager":9,"minecraft:fly_one_cm":231227,"minecraft:open_chest":4,"minecraft:crouch_one_cm":6648,"minecraft:play_time":47732,"minecraft:deaths":3,"minecraft:sneak_time":2626,"minecraft:walk_under_water_one_cm":10974,"minecraft:jump":1019,"minecraft:walk_on_water_one_cm":782,"minecraft:interact_with_smoker":6,"minecraft:total_world_time":47732,"minecraft:fall_one_cm":22985}},"DataVersion":3465}