{"stats":{"minecraft:dropped":{"minecraft:iron_ingot":1,"minecraft:bread":2,"minecraft:wheat_seeds":4,"minecraft:torch":1,"gravestone:obituary":4,"minecraft:iron_pickaxe":1,"minecraft:stone_sword":1,"minecraft:cooked_mutton":2,"minecraft:pumpkin_seeds":2,"minecraft:potato":4,"minecraft:shield":2,"alexsmobs:cockroach_wing_fragment":1,"minecraft:stone_pickaxe":1},"minecraft:used":{"minecraft:stone_sword":202,"minecraft:spruce_planks":1,"minecraft:shield":29,"minecraft:cooked_salmon":6,"minecraft:stone_hoe":97,"minecraft:iron_chestplate":1,"minecraft:torch":9,"minecraft:dirt":7,"regions_unexplored:clover":51,"minecraft:wooden_axe":1,"regions_unexplored:larch_planks":5,"minecraft:furnace":15,"minecraft:acacia_wood":1,"minecraft:potato":10,"minecraft:wheat_seeds":18,"minecraft:cooked_mutton":2,"minecraft:stone_pickaxe":138,"minecraft:baked_potato":8,"regions_unexplored:peat_dirt":4,"minecraft:blackstone":1,"minecraft:wooden_pickaxe":35,"minecraft:sugar_cane":4,"minecraft:blue_bed":2,"minecraft:crafting_table":6,"minecraft:white_bed":1,"minecraft:spruce_log":6,"minecraft:smoker":2,"minecraft:bread":19,"minecraft:iron_pickaxe":146,"minecraft:stone_axe":86,"minecraft:cobblestone":50,"regions_unexplored:maple_log":1,"minecraft:bone_meal":18},"minecraft:crafted":{"minecraft:oak_planks":8,"minecraft:furnace":3,"regions_unexplored:larch_planks":40,"minecraft:bone_meal":18,"minecraft:cooked_mutton":13,"minecraft:iron_axe":1,"minecraft:stone_pickaxe":2,"minecraft:wheat":81,"minecraft:cooked_porkchop":6,"minecraft:crafting_table":4,"minecraft:spruce_planks":20,"minecraft:wooden_pickaxe":2,"minecraft:baked_potato":13,"minecraft:cooked_salmon":5,"minecraft:stone_axe":2,"minecraft:bread":7,"minecraft:air":0,"minecraft:shield":2,"minecraft:stick":28,"minecraft:iron_ingot":30,"minecraft:iron_pickaxe":2,"minecraft:wooden_axe":1,"minecraft:stone_sword":2,"minecraft:white_bed":1,"minecraft:torch":8},"minecraft:killed_by":{"minecraft:skeleton":7},"minecraft:killed":{"minecraft:cave_spider":1,"minecraft:witch":1,"minecraft:spider":2,"minecraft:skeleton":6,"minecraft:pig":3,"minecraft:salmon":14,"minecraft:creeper":3,"minecraft:sheep":8,"alexsmobs:cockroach":1,"minecraft:zombie":19,"alexsmobs:terrapin":2},"minecraft:picked_up":{"minecraft:crafting_table":4,"minecraft:iron_chestplate":1,"minecraft:wheat":7,"regions_unexplored:larch_planks":3,"minecraft:chest_minecart":1,"minecraft:shield":1,"minecraft:cooked_salmon":8,"minecraft:blackstone":1,"minecraft:sea_pickle":2,"regions_unexplored:larch_log":10,"minecraft:sugar_cane":4,"minecraft:furnace":12,"minecraft:raw_iron":31,"minecraft:stick":1,"minecraft:torch":9,"minecraft:porkchop":6,"minecraft:redstone":2,"minecraft:stone_sword":1,"minecraft:arrow":6,"minecraft:rotten_flesh":15,"minecraft:hay_block":9,"minecraft:mutton":13,"minecraft:cobblestone":127,"minecraft:white_wool":8,"minecraft:rail":5,"regions_unexplored:peat_dirt":4,"minecraft:salmon":12,"minecraft:smoker":3,"minecraft:acacia_wood":2,"minecraft:potato":4,"minecraft:oak_log":2,"minecraft:gunpowder":4,"minecraft:dirt":8,"minecraft:blue_bed":3,"minecraft:lantern":1,"minecraft:bone":6,"minecraft:bow":1,"minecraft:wheat_seeds":22,"alexsmobs:cockroach_wing_fragment":1,"minecraft:stone_pickaxe":1,"minecraft:cooked_chicken":2,"minecraft:powered_rail":4,"minecraft:stone_hoe":1,"minecraft:spruce_sapling":10,"minecraft:spruce_log":68,"minecraft:spider_eye":1,"minecraft:spruce_door":1,"minecraft:pumpkin_seeds":2,"regions_unexplored:clover":51,"minecraft:bone_meal":1,"regions_unexplored:maple_log":1,"minecraft:spruce_sign":1,"minecraft:bread":2,"minecraft:coal":160},"minecraft:mined":{"regions_unexplored:maple_log":1,"regions_unexplored:larch_planks":3,"gravestone:gravestone":4,"minecraft:grass_block":6,"minecraft:spruce_leaves":5,"minecraft:hay_block":9,"minecraft:furnace":12,"minecraft:iron_ore":30,"minecraft:acacia_wood":2,"regions_unexplored:larch_leaves":1,"minecraft:dirt_path":1,"biomesoplenty:high_grass":51,"minecraft:deepslate_iron_ore":2,"minecraft:rail":1,"biomesoplenty:webbing":1,"regions_unexplored:medium_grass":11,"regions_unexplored:larch_log":10,"minecraft:stone":98,"minecraft:blackstone":1,"minecraft:smoker":3,"minecraft:spruce_door":1,"minecraft:crafting_table":4,"minecraft:torch":7,"regions_unexplored:peat_grass_block":3,"biomesoplenty:high_grass_plant":67,"minecraft:tall_grass":2,"minecraft:cobblestone":25,"biomesoplenty:sprout":8,"minecraft:sugar_cane":4,"minecraft:blue_bed":3,"minecraft:wall_torch":1,"minecraft:wheat":7,"minecraft:ice":4,"minecraft:spruce_log":69,"minecraft:grass":32,"minecraft:coal_ore":143,"minecraft:oak_log":2,"regions_unexplored:peat_dirt":1,"minecraft:dirt":2,"regions_unexplored:clover":23,"minecraft:oak_leaves":16,"minecraft:fern":2},"minecraft:custom":{"minecraft:mob_kills":61,"minecraft:interact_with_crafting_table":18,"minecraft:open_barrel":4,"minecraft:leave_game":1,"minecraft:time_since_death":7673,"minecraft:climb_one_cm":1329,"minecraft:sprint_one_cm":327982,"minecraft:walk_one_cm":528155,"minecraft:damage_blocked_by_shield":1935,"minecraft:drop":19,"minecraft:talked_to_villager":11,"minecraft:play_time":142112,"minecraft:deaths":9,"minecraft:sneak_time":7500,"minecraft:walk_under_water_one_cm":34893,"minecraft:jump":2840,"minecraft:walk_on_water_one_cm":22308,"minecraft:total_world_time":142112,"minecraft:interact_with_furnace":36,"minecraft:sleep_in_bed":6,"minecraft:time_since_rest":7704,"minecraft:waystone_activated":1,"minecraft:damage_taken":4104,"minecraft:damage_dealt":8034,"minecraft:swim_one_cm":91256,"minecraft:fly_one_cm":618527,"minecraft:open_chest":20,"minecraft:crouch_one_cm":18473,"minecraft:interact_with_smoker":11,"minecraft:fall_one_cm":68303}},"DataVersion":3465}