{"stats":{"minecraft:dropped":{"minecraft:iron_ingot":1,"minecraft:bread":2,"minecraft:wheat_seeds":4,"minecraft:torch":1,"minecraft:dead_bush":1,"gravestone:obituary":5,"minecraft:iron_axe":1,"minecraft:iron_pickaxe":1,"minecraft:stone_sword":1,"minecraft:cooked_mutton":2,"minecraft:pumpkin_seeds":2,"minecraft:potato":4,"minecraft:shield":2,"minecraft:gunpowder":1,"alexsmobs:cockroach_wing_fragment":1,"minecraft:stone_pickaxe":1},"minecraft:used":{"minecraft:stone_sword":202,"minecraft:spruce_planks":1,"minecraft:shield":45,"minecraft:cooked_salmon":7,"minecraft:stone_hoe":97,"minecraft:cooked_chicken":2,"minecraft:iron_chestplate":1,"minecraft:torch":19,"minecraft:dirt":11,"regions_unexplored:clover":51,"minecraft:wooden_axe":1,"minecraft:iron_axe":57,"regions_unexplored:larch_planks":5,"minecraft:furnace":15,"minecraft:acacia_wood":1,"minecraft:potato":10,"minecraft:wheat_seeds":18,"minecraft:cooked_mutton":5,"minecraft:stone_pickaxe":158,"minecraft:baked_potato":8,"regions_unexplored:peat_dirt":4,"minecraft:blackstone":1,"minecraft:wooden_pickaxe":35,"minecraft:sugar_cane":4,"minecraft:blue_bed":2,"minecraft:crafting_table":7,"minecraft:white_bed":1,"minecraft:spruce_log":6,"minecraft:smoker":2,"minecraft:bread":21,"minecraft:iron_pickaxe":184,"minecraft:spruce_sapling":4,"minecraft:stone_axe":103,"minecraft:cobblestone":75,"regions_unexplored:maple_log":1,"minecraft:bone_meal":18},"minecraft:crafted":{"minecraft:oak_planks":8,"minecraft:furnace":3,"regions_unexplored:larch_planks":40,"minecraft:bone_meal":18,"minecraft:cooked_mutton":13,"minecraft:iron_axe":1,"minecraft:stone_pickaxe":2,"minecraft:wheat":81,"minecraft:cooked_porkchop":6,"minecraft:crafting_table":5,"minecraft:spruce_planks":32,"minecraft:wooden_pickaxe":2,"minecraft:baked_potato":13,"minecraft:cooked_salmon":5,"minecraft:stone_axe":2,"minecraft:bread":7,"minecraft:air":0,"minecraft:shield":3,"minecraft:stick":32,"minecraft:iron_ingot":30,"minecraft:iron_pickaxe":2,"minecraft:wooden_axe":1,"minecraft:stone_sword":2,"minecraft:white_bed":1,"minecraft:torch":44},"minecraft:killed_by":{"minecraft:skeleton":7},"minecraft:killed":{"minecraft:cave_spider":1,"minecraft:witch":1,"minecraft:spider":2,"minecraft:skeleton":8,"artifacts:mimic":1,"minecraft:pig":3,"minecraft:salmon":14,"minecraft:creeper":5,"minecraft:sheep":8,"alexsmobs:cockroach":1,"minecraft:zombie":31,"alexsmobs:terrapin":2},"minecraft:picked_up":{"minecraft:crafting_table":5,"minecraft:iron_chestplate":1,"minecraft:wheat":7,"regions_unexplored:larch_planks":3,"minecraft:flower_pot":1,"minecraft:chest_minecart":1,"minecraft:shield":1,"minecraft:iron_axe":1,"minecraft:cooked_salmon":8,"minecraft:blackstone":1,"minecraft:sea_pickle":2,"regions_unexplored:larch_log":10,"minecraft:sugar_cane":4,"minecraft:furnace":13,"minecraft:raw_iron":43,"minecraft:stick":4,"minecraft:torch":12,"minecraft:porkchop":6,"regions_unexplored:raw_redstone_block":1,"minecraft:redstone":58,"minecraft:stone_sword":1,"minecraft:arrow":9,"minecraft:rotten_flesh":20,"minecraft:hay_block":9,"minecraft:mutton":13,"minecraft:cobblestone":143,"minecraft:white_wool":8,"minecraft:rail":5,"regions_unexplored:peat_dirt":4,"minecraft:salmon":12,"minecraft:smoker":3,"minecraft:acacia_wood":2,"minecraft:potato":4,"minecraft:oak_log":2,"minecraft:gunpowder":5,"msmlegacy:relic_infinity_blade":1,"minecraft:dirt":16,"minecraft:blue_bed":3,"minecraft:lantern":1,"minecraft:bone":9,"minecraft:bow":1,"minecraft:wheat_seeds":22,"alexsmobs:cockroach_wing_fragment":1,"minecraft:stone_pickaxe":1,"minecraft:cooked_chicken":2,"artifacts:steadfast_spikes":1,"minecraft:powered_rail":4,"minecraft:stone_hoe":1,"minecraft:spruce_sapling":10,"minecraft:dead_bush":1,"minecraft:spruce_log":85,"minecraft:spider_eye":1,"minecraft:spruce_door":1,"minecraft:pumpkin_seeds":2,"regions_unexplored:clover":51,"minecraft:bone_meal":1,"regions_unexplored:maple_log":1,"minecraft:spruce_sign":1,"minecraft:bread":2,"minecraft:damaged_anvil":1,"minecraft:coal":172},"minecraft:broken":{"minecraft:shield":1},"minecraft:mined":{"regions_unexplored:maple_log":1,"regions_unexplored:larch_planks":3,"minecraft:potted_dead_bush":1,"gravestone:gravestone":4,"minecraft:grass_block":10,"minecraft:spruce_leaves":6,"regions_unexplored:raw_redstone_block":1,"minecraft:hay_block":9,"minecraft:redstone_ore":13,"minecraft:furnace":13,"minecraft:iron_ore":42,"minecraft:acacia_wood":2,"regions_unexplored:larch_leaves":1,"minecraft:dirt_path":1,"biomesoplenty:high_grass":51,"minecraft:deepslate_iron_ore":2,"minecraft:rail":1,"biomesoplenty:webbing":1,"regions_unexplored:medium_grass":11,"regions_unexplored:larch_log":10,"minecraft:stone":99,"minecraft:blackstone":1,"minecraft:smoker":3,"minecraft:spruce_door":1,"minecraft:crafting_table":5,"minecraft:torch":10,"regions_unexplored:peat_grass_block":3,"biomesoplenty:high_grass_plant":67,"minecraft:tall_grass":2,"minecraft:cobblestone":40,"biomesoplenty:sprout":8,"minecraft:damaged_anvil":1,"minecraft:sugar_cane":4,"minecraft:blue_bed":3,"minecraft:wall_torch":1,"minecraft:wheat":7,"minecraft:ice":4,"minecraft:spruce_log":85,"minecraft:grass":32,"minecraft:coal_ore":155,"minecraft:oak_log":2,"regions_unexplored:peat_dirt":1,"minecraft:dirt":6,"regions_unexplored:clover":23,"minecraft:oak_leaves":16,"minecraft:fern":2},"minecraft:custom":{"minecraft:mob_kills":78,"minecraft:interact_with_crafting_table":20,"minecraft:open_barrel":7,"minecraft:leave_game":1,"minecraft:time_since_death":31673,"minecraft:climb_one_cm":1345,"minecraft:sprint_one_cm":352972,"minecraft:walk_one_cm":635664,"minecraft:damage_blocked_by_shield":2985,"minecraft:drop":23,"minecraft:talked_to_villager":11,"minecraft:play_time":166112,"minecraft:deaths":9,"minecraft:sneak_time":10171,"minecraft:walk_under_water_one_cm":37011,"minecraft:jump":3232,"minecraft:walk_on_water_one_cm":33434,"minecraft:total_world_time":166112,"minecraft:interact_with_furnace":37,"minecraft:sleep_in_bed":7,"minecraft:time_since_rest":17917,"minecraft:waystone_activated":1,"minecraft:damage_taken":4643,"minecraft:damage_dealt":11858,"minecraft:swim_one_cm":102031,"minecraft:fly_one_cm":657302,"minecraft:open_chest":20,"minecraft:crouch_one_cm":26879,"minecraft:interact_with_smoker":11,"minecraft:fall_one_cm":75804}},"DataVersion":3465}