{"stats":{"minecraft:dropped":{"minecraft:bread":2,"minecraft:stone_sword":1,"minecraft:cooked_mutton":2,"minecraft:shield":2,"alexsmobs:cockroach_wing_fragment":1,"minecraft:torch":1,"gravestone:obituary":2,"minecraft:stone_pickaxe":1,"minecraft:iron_pickaxe":1},"minecraft:used":{"minecraft:cooked_mutton":2,"minecraft:stone_sword":68,"minecraft:stone_pickaxe":119,"minecraft:baked_potato":8,"regions_unexplored:peat_dirt":4,"minecraft:wooden_pickaxe":35,"minecraft:stone_hoe":96,"minecraft:blue_bed":2,"minecraft:torch":3,"minecraft:dirt":1,"minecraft:crafting_table":5,"minecraft:smoker":2,"minecraft:wooden_axe":1,"minecraft:bread":3,"minecraft:stone_axe":16,"regions_unexplored:larch_planks":3,"minecraft:furnace":11,"minecraft:potato":2},"minecraft:crafted":{"minecraft:crafting_table":3,"minecraft:spruce_planks":20,"minecraft:wooden_pickaxe":2,"minecraft:baked_potato":13,"minecraft:furnace":3,"regions_unexplored:larch_planks":40,"minecraft:stone_axe":2,"minecraft:cooked_mutton":4,"minecraft:air":0,"minecraft:shield":2,"minecraft:stick":28,"minecraft:iron_ingot":9,"minecraft:iron_pickaxe":2,"minecraft:stone_pickaxe":2,"minecraft:wooden_axe":1,"minecraft:stone_sword":2,"minecraft:torch":8},"minecraft:killed_by":{"minecraft:skeleton":2},"minecraft:killed":{"minecraft:cave_spider":1,"minecraft:witch":1,"minecraft:salmon":3,"minecraft:spider":2,"minecraft:creeper":2,"minecraft:sheep":2,"minecraft:skeleton":1,"minecraft:zombie":4,"alexsmobs:cockroach":1},"minecraft:picked_up":{"regions_unexplored:peat_dirt":4,"minecraft:crafting_table":4,"regions_unexplored:larch_planks":3,"minecraft:salmon":2,"minecraft:smoker":3,"minecraft:shield":1,"minecraft:gunpowder":2,"minecraft:blue_bed":3,"minecraft:dirt":2,"minecraft:bow":1,"alexsmobs:cockroach_wing_fragment":1,"minecraft:stone_pickaxe":1,"regions_unexplored:larch_log":10,"minecraft:stone_hoe":1,"minecraft:furnace":10,"minecraft:stick":1,"minecraft:raw_iron":9,"minecraft:torch":3,"minecraft:spruce_log":5,"minecraft:redstone":2,"minecraft:spruce_door":1,"minecraft:spider_eye":1,"minecraft:stone_sword":1,"minecraft:rotten_flesh":5,"minecraft:mutton":4,"minecraft:coal":82,"minecraft:white_wool":2,"minecraft:cobblestone":51},"minecraft:mined":{"minecraft:smoker":3,"minecraft:spruce_door":1,"minecraft:crafting_table":4,"regions_unexplored:larch_planks":3,"minecraft:torch":2,"gravestone:gravestone":1,"regions_unexplored:peat_grass_block":3,"minecraft:spruce_leaves":5,"biomesoplenty:sprout":7,"minecraft:wall_torch":1,"minecraft:blue_bed":3,"minecraft:furnace":10,"minecraft:iron_ore":9,"minecraft:ice":4,"minecraft:spruce_log":5,"regions_unexplored:larch_leaves":1,"minecraft:grass":1,"minecraft:coal_ore":82,"minecraft:dirt_path":1,"biomesoplenty:webbing":1,"regions_unexplored:peat_dirt":1,"minecraft:dirt":1,"regions_unexplored:larch_log":10,"minecraft:stone":49},"minecraft:custom":{"minecraft:interact_with_furnace":18,"minecraft:mob_kills":17,"minecraft:interact_with_crafting_table":10,"minecraft:leave_game":1,"minecraft:time_since_death":13280,"minecraft:sleep_in_bed":4,"minecraft:time_since_rest":0,"minecraft:sprint_one_cm":129651,"minecraft:damage_taken":1415,"minecraft:walk_one_cm":283312,"minecraft:drop":13,"minecraft:damage_dealt":2670,"minecraft:swim_one_cm":16248,"minecraft:talked_to_villager":9,"minecraft:fly_one_cm":285542,"minecraft:open_chest":4,"minecraft:crouch_one_cm":9220,"minecraft:play_time":58112,"minecraft:deaths":3,"minecraft:sneak_time":3861,"minecraft:walk_under_water_one_cm":11518,"minecraft:jump":1202,"minecraft:walk_on_water_one_cm":886,"minecraft:interact_with_smoker":6,"minecraft:total_world_time":58112,"minecraft:fall_one_cm":25044}},"DataVersion":3465}