{"stats":{"minecraft:killed":{"minecraft:cave_spider":1,"minecraft:witch":1,"minecraft:salmon":3,"minecraft:spider":2,"minecraft:creeper":2,"minecraft:sheep":2,"minecraft:skeleton":1,"minecraft:zombie":4},"minecraft:used":{"minecraft:cooked_mutton":2,"minecraft:stone_sword":66,"minecraft:stone_pickaxe":78,"minecraft:baked_potato":8,"regions_unexplored:peat_dirt":4,"minecraft:wooden_pickaxe":16,"minecraft:blue_bed":2,"minecraft:torch":3,"minecraft:crafting_table":2,"minecraft:smoker":2,"minecraft:wooden_axe":1,"minecraft:bread":3,"minecraft:stone_axe":12,"regions_unexplored:larch_planks":3,"minecraft:furnace":8,"minecraft:potato":2},"minecraft:mined":{"minecraft:smoker":3,"minecraft:spruce_door":1,"minecraft:crafting_table":2,"regions_unexplored:larch_planks":3,"minecraft:torch":2,"regions_unexplored:peat_grass_block":3,"minecraft:spruce_leaves":2,"minecraft:wall_torch":1,"minecraft:blue_bed":3,"minecraft:furnace":7,"regions_unexplored:larch_leaves":1,"minecraft:coal_ore":59,"minecraft:dirt_path":1,"biomesoplenty:webbing":1,"regions_unexplored:peat_dirt":1,"regions_unexplored:larch_log":8,"minecraft:stone":25},"minecraft:custom":{"minecraft:interact_with_furnace":4,"minecraft:mob_kills":16,"minecraft:interact_with_crafting_table":3,"minecraft:time_since_death":108,"minecraft:sleep_in_bed":2,"minecraft:time_since_rest":188,"minecraft:sprint_one_cm":75122,"minecraft:damage_taken":920,"minecraft:walk_one_cm":235518,"minecraft:drop":7,"minecraft:damage_dealt":2610,"minecraft:swim_one_cm":9646,"minecraft:talked_to_villager":9,"minecraft:fly_one_cm":143776,"minecraft:open_chest":3,"minecraft:crouch_one_cm":6451,"minecraft:play_time":40442,"minecraft:deaths":1,"minecraft:sneak_time":2403,"minecraft:walk_under_water_one_cm":9075,"minecraft:jump":748,"minecraft:walk_on_water_one_cm":204,"minecraft:total_world_time":40442,"minecraft:interact_with_smoker":6,"minecraft:fall_one_cm":15339},"minecraft:killed_by":{"minecraft:skeleton":1},"minecraft:dropped":{"minecraft:bread":2,"minecraft:stone_sword":1,"minecraft:cooked_mutton":2,"minecraft:torch":1,"minecraft:stone_pickaxe":1},"minecraft:crafted":{"minecraft:crafting_table":2,"minecraft:wooden_pickaxe":1,"minecraft:baked_potato":13,"minecraft:furnace":1,"regions_unexplored:larch_planks":32,"minecraft:stone_axe":1,"minecraft:cooked_mutton":4,"minecraft:air":0,"minecraft:stick":16,"minecraft:stone_pickaxe":1,"minecraft:wooden_axe":1,"minecraft:stone_sword":1,"minecraft:torch":4},"minecraft:picked_up":{"regions_unexplored:peat_dirt":4,"minecraft:crafting_table":2,"regions_unexplored:larch_planks":3,"minecraft:salmon":2,"minecraft:smoker":3,"minecraft:gunpowder":2,"minecraft:blue_bed":3,"minecraft:dirt":1,"minecraft:bow":1,"minecraft:stone_pickaxe":1,"regions_unexplored:larch_log":8,"minecraft:furnace":7,"minecraft:stick":1,"minecraft:torch":3,"minecraft:redstone":2,"minecraft:spider_eye":1,"minecraft:spruce_door":1,"minecraft:stone_sword":1,"minecraft:rotten_flesh":5,"minecraft:mutton":4,"minecraft:coal":59,"minecraft:white_wool":2,"minecraft:cobblestone":27}},"DataVersion":3465}