{
  "stellarity:cursed_tome/root": {
    "criteria": {
      "requirement": "2024-07-21 20:03:18 +0000"
    },
    "done": true
  },
  "minecraft:recipes/decorations/crafting_table": {
    "criteria": {
      "unlock_right_away": "2024-07-21 20:03:18 +0000"
    },
    "done": true
  },
  "incendium:technical/new_player": {
    "criteria": {
      "requirement": "2024-07-21 20:03:18 +0000"
    },
    "done": true
  },
  "stellarity:dragons_den/cursed_tome/root": {
    "criteria": {
      "requirement": "2024-07-21 20:03:18 +0000"
    },
    "done": true
  },
  "dungeons_arise:wda_root": {
    "criteria": {
      "WDA": "2024-07-21 20:03:18 +0000"
    },
    "done": true
  },
  "incendium:technical/scroll_of_returning": {
    "criteria": {
      "log_spam_fixer": "2024-07-21 20:03:19 +0000"
    },
    "done": false
  },
  "incendium:technical/using/ragnarok": {
    "criteria": {
      "log_spam_fixer": "2024-07-21 20:03:19 +0000"
    },
    "done": false
  },
  "regions_unexplored:regions_explored": {
    "criteria": {
      "frozen_pine_taiga": "2024-07-21 20:10:50 +0000",
      "cold_boreal_taiga": "2024-07-21 20:10:39 +0000",
      "icy_heights": "2024-07-21 20:03:19 +0000"
    },
    "done": false
  },
  "regions_unexplored:pioneer": {
    "criteria": {
      "frozen_pine_taiga": "2024-07-21 20:10:50 +0000",
      "cold_boreal_taiga": "2024-07-21 20:10:39 +0000",
      "icy_heights": "2024-07-21 20:03:19 +0000"
    },
    "done": false
  },
  "incendium:technical/using/trailblazer": {
    "criteria": {
      "log_spam_fixer": "2024-07-21 20:03:19 +0000"
    },
    "done": false
  },
  "incendium:technical/using/shield": {
    "criteria": {
      "log_spam_fixer": "2024-07-21 20:03:19 +0000"
    },
    "done": false
  },
  "regions_unexplored:parent": {
    "criteria": {
      "load_in_world": "2024-07-21 20:03:19 +0000"
    },
    "done": true
  },
  "regions_unexplored:recipes/building_blocks/lime_painted_planks": {
    "criteria": {
      "has_planks": "2024-07-21 20:08:22 +0000"
    },
    "done": true
  },
  "regions_unexplored:recipes/transportation/maple_boat": {
    "criteria": {
      "in_water": "2024-07-21 20:14:50 +0000"
    },
    "done": true
  },
  "minecraft:recipes/combat/iron_leggings": {
    "criteria": {
      "has_iron_ingot": "2024-07-21 20:13:24 +0000"
    },
    "done": true
  },
  "regions_unexplored:recipes/building_blocks/pine_planks": {
    "criteria": {
      "has_logs": "2024-07-21 20:08:00 +0000"
    },
    "done": true
  },
  "regions_unexplored:recipes/transportation/pine_boat": {
    "criteria": {
      "in_water": "2024-07-21 20:14:50 +0000"
    },
    "done": true
  },
  "minecraft:recipes/combat/iron_chestplate": {
    "criteria": {
      "has_iron_ingot": "2024-07-21 20:13:24 +0000"
    },
    "done": true
  },
  "regions_unexplored:recipes/transportation/eucalyptus_boat": {
    "criteria": {
      "in_water": "2024-07-21 20:14:50 +0000"
    },
    "done": true
  },
  "biomesoplenty:recipes/transportation/willow_boat": {
    "criteria": {
      "in_water": "2024-07-21 20:14:50 +0000"
    },
    "done": true
  },
  "minecraft:recipes/misc/iron_nugget": {
    "criteria": {
      "has_iron_ingot": "2024-07-21 20:13:24 +0000"
    },
    "done": true
  },
  "minecraft:recipes/misc/bucket": {
    "criteria": {
      "has_iron_ingot": "2024-07-21 20:13:24 +0000"
    },
    "done": true
  },
  "regions_unexplored:recipes/building_blocks/green_painted_planks": {
    "criteria": {
      "has_planks": "2024-07-21 20:08:22 +0000"
    },
    "done": true
  },
  "minecraft:recipes/combat/iron_helmet": {
    "criteria": {
      "has_iron_ingot": "2024-07-21 20:13:24 +0000"
    },
    "done": true
  },
  "regions_unexplored:recipes/redstone/pine_fence_gate": {
    "criteria": {
      "has_pine_planks": "2024-07-21 20:08:22 +0000"
    },
    "done": true
  },
  "minecraft:recipes/transportation/minecart": {
    "criteria": {
      "has_iron_ingot": "2024-07-21 20:13:24 +0000"
    },
    "done": true
  },
  "minecraft:recipes/tools/iron_hoe": {
    "criteria": {
      "has_iron_ingot": "2024-07-21 20:13:24 +0000"
    },
    "done": true
  },
  "minecraft:recipes/decorations/snow": {
    "criteria": {
      "has_snowball": "2024-07-21 20:14:34 +0000"
    },
    "done": true
  },
  "regions_unexplored:recipes/transportation/magnolia_boat": {
    "criteria": {
      "in_water": "2024-07-21 20:14:50 +0000"
    },
    "done": true
  },
  "minecraft:recipes/food/cooked_salmon": {
    "criteria": {
      "has_the_recipe": "2024-07-21 20:13:15 +0000"
    },
    "done": true
  },
  "regions_unexplored:recipes/building_blocks/white_painted_planks": {
    "criteria": {
      "has_planks": "2024-07-21 20:08:22 +0000"
    },
    "done": true
  },
  "regions_unexplored:recipes/decorations/pine_branch_from_pine_log": {
    "criteria": {
      "has_log": "2024-07-21 20:08:00 +0000"
    },
    "done": true
  },
  "minecraft:story/smelt_iron": {
    "criteria": {
      "iron": "2024-07-21 20:13:24 +0000"
    },
    "done": true
  },
  "regions_unexplored:recipes/building_blocks/pine_stairs": {
    "criteria": {
      "has_pine_planks": "2024-07-21 20:08:22 +0000"
    },
    "done": true
  },
  "naturescompass:natures_compass": {
    "criteria": {
      "has_recipe": "2024-07-21 20:08:00 +0000"
    },
    "done": true
  },
  "regions_unexplored:recipes/building_blocks/brown_painted_planks": {
    "criteria": {
      "has_planks": "2024-07-21 20:08:22 +0000"
    },
    "done": true
  },
  "minecraft:recipes/tools/shears": {
    "criteria": {
      "has_iron_ingot": "2024-07-21 20:13:24 +0000"
    },
    "done": true
  },
  "minecraft:recipes/misc/stick": {
    "criteria": {
      "has_planks": "2024-07-21 20:08:22 +0000"
    },
    "done": true
  },
  "regions_unexplored:recipes/transportation/palm_boat": {
    "criteria": {
      "in_water": "2024-07-21 20:14:50 +0000"
    },
    "done": true
  },
  "regions_unexplored:recipes/building_blocks/light_gray_painted_planks": {
    "criteria": {
      "has_planks": "2024-07-21 20:08:22 +0000"
    },
    "done": true
  },
  "biomesoplenty:recipes/transportation/fir_boat": {
    "criteria": {
      "in_water": "2024-07-21 20:14:50 +0000"
    },
    "done": true
  },
  "biomesoplenty:biomesoplenty/all_biomes": {
    "criteria": {
      "field": "2024-07-21 20:13:05 +0000",
      "snowy_coniferous_forest": "2024-07-21 20:12:47 +0000"
    },
    "done": false
  },
  "minecraft:recipes/transportation/cherry_boat": {
    "criteria": {
      "in_water": "2024-07-21 20:14:50 +0000"
    },
    "done": true
  },
  "minecraft:recipes/decorations/chain": {
    "criteria": {
      "has_iron_ingot": "2024-07-21 20:13:24 +0000"
    },
    "done": true
  },
  "regions_unexplored:recipes/transportation/socotra_boat": {
    "criteria": {
      "in_water": "2024-07-21 20:14:50 +0000"
    },
    "done": true
  },
  "biomesoplenty:recipes/transportation/umbran_boat": {
    "criteria": {
      "in_water": "2024-07-21 20:14:50 +0000"
    },
    "done": true
  },
  "regions_unexplored:recipes/building_blocks/light_blue_painted_planks": {
    "criteria": {
      "has_planks": "2024-07-21 20:08:22 +0000"
    },
    "done": true
  },
  "minecraft:recipes/building_blocks/iron_block": {
    "criteria": {
      "has_iron_ingot": "2024-07-21 20:13:24 +0000"
    },
    "done": true
  },
  "regions_unexplored:recipes/decorations/pine_sign": {
    "criteria": {
      "has_pine_planks": "2024-07-21 20:08:22 +0000"
    },
    "done": true
  },
  "minecraft:recipes/transportation/bamboo_raft": {
    "criteria": {
      "in_water": "2024-07-21 20:14:50 +0000"
    },
    "done": true
  },
  "minecraft:recipes/decorations/smithing_table": {
    "criteria": {
      "has_iron_ingot": "2024-07-21 20:13:24 +0000"
    },
    "done": true
  },
  "regions_unexplored:recipes/building_blocks/yellow_painted_planks": {
    "criteria": {
      "has_planks": "2024-07-21 20:08:22 +0000"
    },
    "done": true
  },
  "biomesoplenty:recipes/transportation/dead_boat": {
    "criteria": {
      "in_water": "2024-07-21 20:14:50 +0000"
    },
    "done": true
  },
  "minecraft:recipes/transportation/spruce_boat": {
    "criteria": {
      "in_water": "2024-07-21 20:14:50 +0000"
    },
    "done": true
  },
  "regions_unexplored:recipes/building_blocks/purple_painted_planks": {
    "criteria": {
      "has_planks": "2024-07-21 20:08:22 +0000"
    },
    "done": true
  },
  "regions_unexplored:recipes/transportation/oak_boat": {
    "criteria": {
      "in_water": "2024-07-21 20:14:50 +0000"
    },
    "done": true
  },
  "biomesoplenty:recipes/transportation/magic_boat": {
    "criteria": {
      "in_water": "2024-07-21 20:14:50 +0000"
    },
    "done": true
  },
  "regions_unexplored:recipes/building_blocks/black_painted_planks": {
    "criteria": {
      "has_planks": "2024-07-21 20:08:22 +0000"
    },
    "done": true
  },
  "minecraft:husbandry/root": {
    "criteria": {
      "consumed_item": "2024-07-21 20:13:19 +0000"
    },
    "done": true
  },
  "minecraft:recipes/transportation/birch_boat": {
    "criteria": {
      "in_water": "2024-07-21 20:14:50 +0000"
    },
    "done": true
  },
  "regions_unexplored:recipes/transportation/dead_boat": {
    "criteria": {
      "in_water": "2024-07-21 20:14:50 +0000"
    },
    "done": true
  },
  "minecraft:recipes/transportation/oak_boat": {
    "criteria": {
      "in_water": "2024-07-21 20:14:50 +0000"
    },
    "done": true
  },
  "regions_unexplored:recipes/redstone/pine_trapdoor": {
    "criteria": {
      "has_pine_planks": "2024-07-21 20:08:22 +0000"
    },
    "done": true
  },
  "regions_unexplored:recipes/transportation/kapok_boat": {
    "criteria": {
      "in_water": "2024-07-21 20:14:50 +0000"
    },
    "done": true
  },
  "biomesoplenty:recipes/transportation/redwood_boat": {
    "criteria": {
      "in_water": "2024-07-21 20:14:50 +0000"
    },
    "done": true
  },
  "regions_unexplored:recipes/transportation/cypress_boat": {
    "criteria": {
      "in_water": "2024-07-21 20:14:50 +0000"
    },
    "done": true
  },
  "regions_unexplored:recipes/building_blocks/cyan_painted_planks": {
    "criteria": {
      "has_planks": "2024-07-21 20:08:22 +0000"
    },
    "done": true
  },
  "minecraft:recipes/combat/iron_sword": {
    "criteria": {
      "has_iron_ingot": "2024-07-21 20:13:24 +0000"
    },
    "done": true
  },
  "minecraft:recipes/tools/iron_pickaxe": {
    "criteria": {
      "has_iron_ingot": "2024-07-21 20:13:24 +0000"
    },
    "done": true
  },
  "minecraft:recipes/transportation/mangrove_boat": {
    "criteria": {
      "in_water": "2024-07-21 20:14:50 +0000"
    },
    "done": true
  },
  "minecraft:recipes/combat/shield": {
    "criteria": {
      "has_iron_ingot": "2024-07-21 20:13:24 +0000"
    },
    "done": true
  },
  "minecraft:recipes/redstone/hopper": {
    "criteria": {
      "has_iron_ingot": "2024-07-21 20:13:24 +0000"
    },
    "done": true
  },
  "regions_unexplored:recipes/redstone/pine_button": {
    "criteria": {
      "has_pine_planks": "2024-07-21 20:08:22 +0000"
    },
    "done": true
  },
  "regions_unexplored:recipes/building_blocks/pink_painted_planks": {
    "criteria": {
      "has_planks": "2024-07-21 20:08:22 +0000"
    },
    "done": true
  },
  "minecraft:recipes/decorations/iron_bars": {
    "criteria": {
      "has_iron_ingot": "2024-07-21 20:13:24 +0000"
    },
    "done": true
  },
  "minecraft:recipes/combat/iron_boots": {
    "criteria": {
      "has_iron_ingot": "2024-07-21 20:13:24 +0000"
    },
    "done": true
  },
  "regions_unexplored:recipes/redstone/pine_door": {
    "criteria": {
      "has_pine_planks": "2024-07-21 20:08:22 +0000"
    },
    "done": true
  },
  "regions_unexplored:recipes/transportation/mauve_boat": {
    "criteria": {
      "in_water": "2024-07-21 20:14:50 +0000"
    },
    "done": true
  },
  "biomesoplenty:recipes/transportation/hellbark_boat": {
    "criteria": {
      "in_water": "2024-07-21 20:14:50 +0000"
    },
    "done": true
  },
  "regions_unexplored:recipes/transportation/redwood_boat": {
    "criteria": {
      "in_water": "2024-07-21 20:14:50 +0000"
    },
    "done": true
  },
  "tetra:recipes/planks": {
    "criteria": {
      "got_wood": "2024-07-21 20:08:22 +0000"
    },
    "done": true
  },
  "minecraft:recipes/decorations/lantern": {
    "criteria": {
      "has_iron_ingot": "2024-07-21 20:13:24 +0000"
    },
    "done": true
  },
  "biomesoplenty:recipes/transportation/jacaranda_boat": {
    "criteria": {
      "in_water": "2024-07-21 20:14:50 +0000"
    },
    "done": true
  },
  "regions_unexplored:recipes/decorations/pine_fence": {
    "criteria": {
      "has_pine_planks": "2024-07-21 20:08:22 +0000"
    },
    "done": true
  },
  "regions_unexplored:recipes/transportation/larch_boat": {
    "criteria": {
      "in_water": "2024-07-21 20:14:50 +0000"
    },
    "done": true
  },
  "regions_unexplored:recipes/building_blocks/pine_slab": {
    "criteria": {
      "has_pine_planks": "2024-07-21 20:08:22 +0000"
    },
    "done": true
  },
  "biomesoplenty:recipes/transportation/mahogany_boat": {
    "criteria": {
      "in_water": "2024-07-21 20:14:50 +0000"
    },
    "done": true
  },
  "minecraft:recipes/misc/charcoal": {
    "criteria": {
      "has_log": "2024-07-21 20:08:00 +0000"
    },
    "done": true
  },
  "minecraft:recipes/tools/iron_shovel": {
    "criteria": {
      "has_iron_ingot": "2024-07-21 20:13:24 +0000"
    },
    "done": true
  },
  "regions_unexplored:recipes/redstone/pine_pressure_plate": {
    "criteria": {
      "has_pine_planks": "2024-07-21 20:08:22 +0000"
    },
    "done": true
  },
  "regions_unexplored:recipes/building_blocks/magenta_painted_planks": {
    "criteria": {
      "has_planks": "2024-07-21 20:08:22 +0000"
    },
    "done": true
  },
  "naturescompass:natures_compass_log": {
    "criteria": {
      "has_log": "2024-07-21 20:08:00 +0000"
    },
    "done": true
  },
  "biomesoplenty:recipes/transportation/palm_boat": {
    "criteria": {
      "in_water": "2024-07-21 20:14:50 +0000"
    },
    "done": true
  },
  "biomesoplenty:biomesoplenty/root": {
    "criteria": {
      "snowy_coniferous_forest": "2024-07-21 20:12:47 +0000"
    },
    "done": true
  },
  "regions_unexplored:recipes/building_blocks/stripped_pine_wood": {
    "criteria": {
      "has_log": "2024-07-21 20:08:33 +0000"
    },
    "done": true
  },
  "regions_unexplored:recipes/transportation/baobab_boat": {
    "criteria": {
      "in_water": "2024-07-21 20:14:50 +0000"
    },
    "done": true
  },
  "regions_unexplored:recipes/building_blocks/blue_painted_planks": {
    "criteria": {
      "has_planks": "2024-07-21 20:08:22 +0000"
    },
    "done": true
  },
  "naturescompass:natures_compass_sapling": {
    "criteria": {
      "has_recipe": "2024-07-21 20:08:00 +0000"
    },
    "done": true
  },
  "minecraft:recipes/transportation/acacia_boat": {
    "criteria": {
      "in_water": "2024-07-21 20:14:50 +0000"
    },
    "done": true
  },
  "minecraft:recipes/redstone/iron_trapdoor": {
    "criteria": {
      "has_iron_ingot": "2024-07-21 20:13:24 +0000"
    },
    "done": true
  },
  "minecraft:recipes/tools/iron_axe": {
    "criteria": {
      "has_iron_ingot": "2024-07-21 20:13:24 +0000"
    },
    "done": true
  },
  "minecraft:recipes/combat/crossbow": {
    "criteria": {
      "has_iron_ingot": "2024-07-21 20:13:24 +0000"
    },
    "done": true
  },
  "minecraft:adventure/adventuring_time": {
    "criteria": {
      "minecraft:frozen_river": "2024-07-21 20:13:12 +0000"
    },
    "done": false
  },
  "minecraft:recipes/decorations/barrel": {
    "criteria": {
      "has_planks": "2024-07-21 20:08:22 +0000"
    },
    "done": true
  },
  "regions_unexplored:recipes/building_blocks/orange_painted_planks": {
    "criteria": {
      "has_planks": "2024-07-21 20:08:22 +0000"
    },
    "done": true
  },
  "minecraft:husbandry/balanced_diet": {
    "criteria": {
      "cooked_salmon": "2024-07-21 20:13:19 +0000"
    },
    "done": false
  },
  "regions_unexplored:recipes/building_blocks/pine_wood": {
    "criteria": {
      "has_log": "2024-07-21 20:08:00 +0000"
    },
    "done": true
  },
  "regions_unexplored:recipes/transportation/willow_boat": {
    "criteria": {
      "in_water": "2024-07-21 20:14:50 +0000"
    },
    "done": true
  },
  "regions_unexplored:recipes/decorations/pine_hanging_sign": {
    "criteria": {
      "has_stripped_pine_log": "2024-07-21 20:08:33 +0000"
    },
    "done": true
  },
  "regions_unexplored:got_wood": {
    "criteria": {
      "pine_log": "2024-07-21 20:08:00 +0000"
    },
    "done": false
  },
  "minecraft:recipes/redstone/iron_door": {
    "criteria": {
      "has_iron_ingot": "2024-07-21 20:13:24 +0000"
    },
    "done": true
  },
  "minecraft:recipes/building_blocks/snow_block": {
    "criteria": {
      "has_snowball": "2024-07-21 20:14:34 +0000"
    },
    "done": true
  },
  "regions_unexplored:recipes/building_blocks/gray_painted_planks": {
    "criteria": {
      "has_planks": "2024-07-21 20:08:22 +0000"
    },
    "done": true
  },
  "regions_unexplored:recipes/transportation/joshua_boat": {
    "criteria": {
      "in_water": "2024-07-21 20:14:50 +0000"
    },
    "done": true
  },
  "minecraft:recipes/transportation/jungle_boat": {
    "criteria": {
      "in_water": "2024-07-21 20:14:50 +0000"
    },
    "done": true
  },
  "minecraft:recipes/redstone/heavy_weighted_pressure_plate": {
    "criteria": {
      "has_iron_ingot": "2024-07-21 20:13:24 +0000"
    },
    "done": true
  },
  "minecraft:recipes/transportation/dark_oak_boat": {
    "criteria": {
      "in_water": "2024-07-21 20:14:50 +0000"
    },
    "done": true
  },
  "regions_unexplored:recipes/transportation/blackwood_boat": {
    "criteria": {
      "in_water": "2024-07-21 20:14:50 +0000"
    },
    "done": true
  },
  "regions_unexplored:recipes/building_blocks/red_painted_planks": {
    "criteria": {
      "has_planks": "2024-07-21 20:08:22 +0000"
    },
    "done": true
  },
  "DataVersion": 3465
}