{
  "incendium:technical/sentrys_wrath": {
    "criteria": {
      "log_spam_fixer": "2024-07-21 20:03:19 +0000"
    },
    "done": false
  },
  "incendium:technical/inventory/sentrys_wrath": {
    "criteria": {
      "log_spam_fixer": "2024-07-21 20:03:19 +0000"
    },
    "done": false
  },
  "incendium:technical/feed_ghastling": {
    "criteria": {
      "log_spam_fixer": "2024-07-21 20:03:19 +0000"
    },
    "done": false
  },
  "stellarity:cursed_tome/root": {
    "criteria": {
      "requirement": "2024-07-21 20:03:18 +0000"
    },
    "done": true
  },
  "incendium:technical/on_player_hurt": {
    "criteria": {
      "log_spam_fixer": "2024-07-21 20:03:19 +0000"
    },
    "done": false
  },
  "minecraft:recipes/decorations/crafting_table": {
    "criteria": {
      "unlock_right_away": "2024-07-21 20:03:18 +0000"
    },
    "done": true
  },
  "incendium:technical/firestorm": {
    "criteria": {
      "log_spam_fixer": "2024-07-21 20:03:19 +0000"
    },
    "done": false
  },
  "incendium:technical/inventory/firestorm": {
    "criteria": {
      "log_spam_fixer": "2024-07-21 20:03:19 +0000"
    },
    "done": false
  },
  "incendium:technical/new_player": {
    "criteria": {
      "requirement": "2024-07-21 20:03:18 +0000"
    },
    "done": true
  },
  "incendium:technical/give_ghastling": {
    "criteria": {
      "log_spam_fixer": "2024-07-21 20:03:19 +0000"
    },
    "done": false
  },
  "incendium:technical/on_kill": {
    "criteria": {
      "log_spam_fixer": "2024-07-21 20:03:19 +0000"
    },
    "done": false
  },
  "incendium:technical/scroll_of_returning": {
    "criteria": {
      "log_spam_fixer": "2024-07-21 20:03:19 +0000"
    },
    "done": false
  },
  "stellarity:dragons_den/cursed_tome/root": {
    "criteria": {
      "requirement": "2024-07-21 20:03:18 +0000"
    },
    "done": true
  },
  "incendium:technical/multiplex_crossbow": {
    "criteria": {
      "log_spam_fixer": "2024-07-21 20:03:19 +0000"
    },
    "done": false
  },
  "incendium:technical/using/ragnarok": {
    "criteria": {
      "log_spam_fixer": "2024-07-21 20:03:19 +0000"
    },
    "done": false
  },
  "dungeons_arise:wda_root": {
    "criteria": {
      "WDA": "2024-07-21 20:03:18 +0000"
    },
    "done": true
  },
  "regions_unexplored:regions_explored": {
    "criteria": {
      "icy_heights": "2024-07-21 20:03:19 +0000"
    },
    "done": false
  },
  "incendium:technical/on_inventory_change": {
    "criteria": {
      "log_spam_fixer": "2024-07-21 20:03:19 +0000"
    },
    "done": false
  },
  "regions_unexplored:pioneer": {
    "criteria": {
      "icy_heights": "2024-07-21 20:03:19 +0000"
    },
    "done": false
  },
  "incendium:technical/using/trailblazer": {
    "criteria": {
      "log_spam_fixer": "2024-07-21 20:03:19 +0000"
    },
    "done": false
  },
  "incendium:technical/holy_wrath": {
    "criteria": {
      "log_spam_fixer": "2024-07-21 20:03:19 +0000"
    },
    "done": false
  },
  "incendium:technical/on_block": {
    "criteria": {
      "log_spam_fixer": "2024-07-21 20:03:19 +0000"
    },
    "done": false
  },
  "incendium:technical/using/shield": {
    "criteria": {
      "log_spam_fixer": "2024-07-21 20:03:19 +0000"
    },
    "done": false
  },
  "regions_unexplored:parent": {
    "criteria": {
      "load_in_world": "2024-07-21 20:03:19 +0000"
    },
    "done": true
  },
  "DataVersion": 3465
}