{
  "stellarity:cursed_tome/root": {
    "criteria": {
      "requirement": "2024-07-21 20:03:18 +0000"
    },
    "done": true
  },
  "minecraft:recipes/decorations/crafting_table": {
    "criteria": {
      "unlock_right_away": "2024-07-21 20:03:18 +0000"
    },
    "done": true
  },
  "incendium:technical/new_player": {
    "criteria": {
      "requirement": "2024-07-21 20:03:18 +0000"
    },
    "done": true
  },
  "stellarity:dragons_den/cursed_tome/root": {
    "criteria": {
      "requirement": "2024-07-21 20:03:18 +0000"
    },
    "done": true
  },
  "dungeons_arise:wda_root": {
    "criteria": {
      "WDA": "2024-07-21 20:03:18 +0000"
    },
    "done": true
  },
  "incendium:technical/scroll_of_returning": {
    "criteria": {
      "log_spam_fixer": "2024-07-21 20:03:19 +0000"
    },
    "done": false
  },
  "incendium:technical/using/ragnarok": {
    "criteria": {
      "log_spam_fixer": "2024-07-21 20:03:19 +0000"
    },
    "done": false
  },
  "regions_unexplored:regions_explored": {
    "criteria": {
      "pine_taiga": "2024-07-21 20:31:25 +0000",
      "redstone_caves": "2024-07-21 20:45:41 +0000",
      "scorching_caves": "2024-07-21 20:49:03 +0000",
      "frozen_pine_taiga": "2024-07-21 20:10:50 +0000",
      "maple_forest": "2024-07-21 20:24:30 +0000",
      "magnolia_highlands": "2024-07-21 20:45:00 +0000",
      "boreal_forest": "2024-07-21 20:24:35 +0000",
      "cold_boreal_taiga": "2024-07-21 20:10:39 +0000",
      "temperate_grove": "2024-07-21 20:26:22 +0000",
      "icy_heights": "2024-07-21 20:03:19 +0000",
      "lupine_plains": "2024-07-21 20:31:35 +0000"
    },
    "done": false
  },
  "regions_unexplored:pioneer": {
    "criteria": {
      "pine_taiga": "2024-07-21 20:31:25 +0000",
      "frozen_pine_taiga": "2024-07-21 20:10:50 +0000",
      "maple_forest": "2024-07-21 20:24:30 +0000",
      "magnolia_highlands": "2024-07-21 20:45:00 +0000",
      "boreal_forest": "2024-07-21 20:24:35 +0000",
      "cold_boreal_taiga": "2024-07-21 20:10:39 +0000",
      "temperate_grove": "2024-07-21 20:26:22 +0000",
      "icy_heights": "2024-07-21 20:03:19 +0000",
      "lupine_plains": "2024-07-21 20:31:35 +0000"
    },
    "done": false
  },
  "incendium:technical/using/trailblazer": {
    "criteria": {
      "log_spam_fixer": "2024-07-21 20:03:19 +0000"
    },
    "done": false
  },
  "incendium:technical/using/shield": {
    "criteria": {
      "log_spam_fixer": "2024-07-21 20:03:19 +0000"
    },
    "done": false
  },
  "regions_unexplored:parent": {
    "criteria": {
      "load_in_world": "2024-07-21 20:03:19 +0000"
    },
    "done": true
  },
  "regions_unexplored:recipes/building_blocks/pine_planks": {
    "criteria": {
      "has_logs": "2024-07-21 20:08:00 +0000"
    },
    "done": true
  },
  "regions_unexplored:recipes/decorations/pine_branch_from_pine_log": {
    "criteria": {
      "has_log": "2024-07-21 20:08:00 +0000"
    },
    "done": true
  },
  "naturescompass:natures_compass": {
    "criteria": {
      "has_recipe": "2024-07-21 20:08:00 +0000"
    },
    "done": true
  },
  "minecraft:recipes/misc/charcoal": {
    "criteria": {
      "has_log": "2024-07-21 20:08:00 +0000"
    },
    "done": true
  },
  "naturescompass:natures_compass_log": {
    "criteria": {
      "has_log": "2024-07-21 20:08:00 +0000"
    },
    "done": true
  },
  "naturescompass:natures_compass_sapling": {
    "criteria": {
      "has_recipe": "2024-07-21 20:08:00 +0000"
    },
    "done": true
  },
  "regions_unexplored:recipes/building_blocks/pine_wood": {
    "criteria": {
      "has_log": "2024-07-21 20:08:00 +0000"
    },
    "done": true
  },
  "regions_unexplored:got_wood": {
    "criteria": {
      "larch_log": "2024-07-21 20:15:08 +0000",
      "pine_log": "2024-07-21 20:08:00 +0000"
    },
    "done": false
  },
  "regions_unexplored:recipes/building_blocks/lime_painted_planks": {
    "criteria": {
      "has_planks": "2024-07-21 20:08:22 +0000"
    },
    "done": true
  },
  "regions_unexplored:recipes/building_blocks/green_painted_planks": {
    "criteria": {
      "has_planks": "2024-07-21 20:08:22 +0000"
    },
    "done": true
  },
  "regions_unexplored:recipes/redstone/pine_fence_gate": {
    "criteria": {
      "has_pine_planks": "2024-07-21 20:08:22 +0000"
    },
    "done": true
  },
  "regions_unexplored:recipes/building_blocks/white_painted_planks": {
    "criteria": {
      "has_planks": "2024-07-21 20:08:22 +0000"
    },
    "done": true
  },
  "regions_unexplored:recipes/building_blocks/pine_stairs": {
    "criteria": {
      "has_pine_planks": "2024-07-21 20:08:22 +0000"
    },
    "done": true
  },
  "regions_unexplored:recipes/building_blocks/brown_painted_planks": {
    "criteria": {
      "has_planks": "2024-07-21 20:08:22 +0000"
    },
    "done": true
  },
  "minecraft:recipes/misc/stick": {
    "criteria": {
      "has_planks": "2024-07-21 20:08:22 +0000"
    },
    "done": true
  },
  "regions_unexplored:recipes/building_blocks/light_gray_painted_planks": {
    "criteria": {
      "has_planks": "2024-07-21 20:08:22 +0000"
    },
    "done": true
  },
  "regions_unexplored:recipes/building_blocks/light_blue_painted_planks": {
    "criteria": {
      "has_planks": "2024-07-21 20:08:22 +0000"
    },
    "done": true
  },
  "regions_unexplored:recipes/decorations/pine_sign": {
    "criteria": {
      "has_pine_planks": "2024-07-21 20:08:22 +0000"
    },
    "done": true
  },
  "regions_unexplored:recipes/building_blocks/yellow_painted_planks": {
    "criteria": {
      "has_planks": "2024-07-21 20:08:22 +0000"
    },
    "done": true
  },
  "regions_unexplored:recipes/building_blocks/purple_painted_planks": {
    "criteria": {
      "has_planks": "2024-07-21 20:08:22 +0000"
    },
    "done": true
  },
  "regions_unexplored:recipes/building_blocks/black_painted_planks": {
    "criteria": {
      "has_planks": "2024-07-21 20:08:22 +0000"
    },
    "done": true
  },
  "regions_unexplored:recipes/redstone/pine_trapdoor": {
    "criteria": {
      "has_pine_planks": "2024-07-21 20:08:22 +0000"
    },
    "done": true
  },
  "regions_unexplored:recipes/building_blocks/cyan_painted_planks": {
    "criteria": {
      "has_planks": "2024-07-21 20:08:22 +0000"
    },
    "done": true
  },
  "regions_unexplored:recipes/redstone/pine_button": {
    "criteria": {
      "has_pine_planks": "2024-07-21 20:08:22 +0000"
    },
    "done": true
  },
  "regions_unexplored:recipes/building_blocks/pink_painted_planks": {
    "criteria": {
      "has_planks": "2024-07-21 20:08:22 +0000"
    },
    "done": true
  },
  "regions_unexplored:recipes/redstone/pine_door": {
    "criteria": {
      "has_pine_planks": "2024-07-21 20:08:22 +0000"
    },
    "done": true
  },
  "tetra:recipes/planks": {
    "criteria": {
      "got_wood": "2024-07-21 20:08:22 +0000"
    },
    "done": true
  },
  "regions_unexplored:recipes/decorations/pine_fence": {
    "criteria": {
      "has_pine_planks": "2024-07-21 20:08:22 +0000"
    },
    "done": true
  },
  "regions_unexplored:recipes/building_blocks/pine_slab": {
    "criteria": {
      "has_pine_planks": "2024-07-21 20:08:22 +0000"
    },
    "done": true
  },
  "regions_unexplored:recipes/redstone/pine_pressure_plate": {
    "criteria": {
      "has_pine_planks": "2024-07-21 20:08:22 +0000"
    },
    "done": true
  },
  "regions_unexplored:recipes/building_blocks/magenta_painted_planks": {
    "criteria": {
      "has_planks": "2024-07-21 20:08:22 +0000"
    },
    "done": true
  },
  "regions_unexplored:recipes/building_blocks/blue_painted_planks": {
    "criteria": {
      "has_planks": "2024-07-21 20:08:22 +0000"
    },
    "done": true
  },
  "minecraft:recipes/decorations/barrel": {
    "criteria": {
      "has_planks": "2024-07-21 20:08:22 +0000"
    },
    "done": true
  },
  "regions_unexplored:recipes/building_blocks/orange_painted_planks": {
    "criteria": {
      "has_planks": "2024-07-21 20:08:22 +0000"
    },
    "done": true
  },
  "regions_unexplored:recipes/building_blocks/gray_painted_planks": {
    "criteria": {
      "has_planks": "2024-07-21 20:08:22 +0000"
    },
    "done": true
  },
  "regions_unexplored:recipes/building_blocks/red_painted_planks": {
    "criteria": {
      "has_planks": "2024-07-21 20:08:22 +0000"
    },
    "done": true
  },
  "regions_unexplored:recipes/building_blocks/stripped_pine_wood": {
    "criteria": {
      "has_log": "2024-07-21 20:08:33 +0000"
    },
    "done": true
  },
  "regions_unexplored:recipes/decorations/pine_hanging_sign": {
    "criteria": {
      "has_stripped_pine_log": "2024-07-21 20:08:33 +0000"
    },
    "done": true
  },
  "biomesoplenty:biomesoplenty/all_biomes": {
    "criteria": {
      "rocky_shrubland": "2024-07-21 20:25:00 +0000",
      "highland": "2024-07-21 20:22:24 +0000",
      "field": "2024-07-21 20:13:05 +0000",
      "coniferous_forest": "2024-07-21 20:24:15 +0000",
      "spider_nest": "2024-07-21 20:39:03 +0000",
      "grassland": "2024-07-21 20:25:05 +0000",
      "snowy_coniferous_forest": "2024-07-21 20:12:47 +0000",
      "snowy_fir_clearing": "2024-07-21 20:15:18 +0000"
    },
    "done": false
  },
  "biomesoplenty:biomesoplenty/root": {
    "criteria": {
      "snowy_coniferous_forest": "2024-07-21 20:12:47 +0000"
    },
    "done": true
  },
  "minecraft:adventure/adventuring_time": {
    "criteria": {
      "minecraft:frozen_river": "2024-07-21 20:13:12 +0000",
      "minecraft:river": "2024-07-21 20:20:15 +0000",
      "minecraft:deep_dark": "2024-07-21 20:51:52 +0000"
    },
    "done": false
  },
  "minecraft:recipes/food/cooked_salmon": {
    "criteria": {
      "has_the_recipe": "2024-07-21 20:13:15 +0000"
    },
    "done": true
  },
  "minecraft:husbandry/root": {
    "criteria": {
      "consumed_item": "2024-07-21 20:13:19 +0000"
    },
    "done": true
  },
  "minecraft:husbandry/balanced_diet": {
    "criteria": {
      "cooked_porkchop": "2024-07-21 20:30:17 +0000",
      "cooked_beef": "2024-07-21 20:53:02 +0000",
      "bread": "2024-07-21 20:46:54 +0000",
      "cooked_salmon": "2024-07-21 20:13:19 +0000"
    },
    "done": false
  },
  "minecraft:recipes/combat/iron_leggings": {
    "criteria": {
      "has_iron_ingot": "2024-07-21 20:13:24 +0000"
    },
    "done": true
  },
  "minecraft:recipes/combat/iron_chestplate": {
    "criteria": {
      "has_iron_ingot": "2024-07-21 20:13:24 +0000"
    },
    "done": true
  },
  "minecraft:recipes/misc/iron_nugget": {
    "criteria": {
      "has_iron_ingot": "2024-07-21 20:13:24 +0000"
    },
    "done": true
  },
  "minecraft:recipes/misc/bucket": {
    "criteria": {
      "has_iron_ingot": "2024-07-21 20:13:24 +0000"
    },
    "done": true
  },
  "minecraft:recipes/combat/iron_helmet": {
    "criteria": {
      "has_iron_ingot": "2024-07-21 20:13:24 +0000"
    },
    "done": true
  },
  "minecraft:recipes/transportation/minecart": {
    "criteria": {
      "has_iron_ingot": "2024-07-21 20:13:24 +0000"
    },
    "done": true
  },
  "minecraft:recipes/tools/iron_hoe": {
    "criteria": {
      "has_iron_ingot": "2024-07-21 20:13:24 +0000"
    },
    "done": true
  },
  "minecraft:story/smelt_iron": {
    "criteria": {
      "iron": "2024-07-21 20:13:24 +0000"
    },
    "done": true
  },
  "minecraft:recipes/tools/shears": {
    "criteria": {
      "has_iron_ingot": "2024-07-21 20:13:24 +0000"
    },
    "done": true
  },
  "minecraft:recipes/decorations/chain": {
    "criteria": {
      "has_iron_ingot": "2024-07-21 20:13:24 +0000"
    },
    "done": true
  },
  "minecraft:recipes/building_blocks/iron_block": {
    "criteria": {
      "has_iron_ingot": "2024-07-21 20:13:24 +0000"
    },
    "done": true
  },
  "minecraft:recipes/decorations/smithing_table": {
    "criteria": {
      "has_iron_ingot": "2024-07-21 20:13:24 +0000"
    },
    "done": true
  },
  "minecraft:recipes/combat/iron_sword": {
    "criteria": {
      "has_iron_ingot": "2024-07-21 20:13:24 +0000"
    },
    "done": true
  },
  "minecraft:recipes/tools/iron_pickaxe": {
    "criteria": {
      "has_iron_ingot": "2024-07-21 20:13:24 +0000"
    },
    "done": true
  },
  "minecraft:recipes/combat/shield": {
    "criteria": {
      "has_iron_ingot": "2024-07-21 20:13:24 +0000"
    },
    "done": true
  },
  "minecraft:recipes/redstone/hopper": {
    "criteria": {
      "has_iron_ingot": "2024-07-21 20:13:24 +0000"
    },
    "done": true
  },
  "minecraft:recipes/decorations/iron_bars": {
    "criteria": {
      "has_iron_ingot": "2024-07-21 20:13:24 +0000"
    },
    "done": true
  },
  "minecraft:recipes/combat/iron_boots": {
    "criteria": {
      "has_iron_ingot": "2024-07-21 20:13:24 +0000"
    },
    "done": true
  },
  "minecraft:recipes/decorations/lantern": {
    "criteria": {
      "has_iron_ingot": "2024-07-21 20:13:24 +0000"
    },
    "done": true
  },
  "minecraft:recipes/tools/iron_shovel": {
    "criteria": {
      "has_iron_ingot": "2024-07-21 20:13:24 +0000"
    },
    "done": true
  },
  "minecraft:recipes/redstone/iron_trapdoor": {
    "criteria": {
      "has_iron_ingot": "2024-07-21 20:13:24 +0000"
    },
    "done": true
  },
  "minecraft:recipes/tools/iron_axe": {
    "criteria": {
      "has_iron_ingot": "2024-07-21 20:13:24 +0000"
    },
    "done": true
  },
  "minecraft:recipes/combat/crossbow": {
    "criteria": {
      "has_iron_ingot": "2024-07-21 20:13:24 +0000"
    },
    "done": true
  },
  "minecraft:recipes/redstone/iron_door": {
    "criteria": {
      "has_iron_ingot": "2024-07-21 20:13:24 +0000"
    },
    "done": true
  },
  "minecraft:recipes/redstone/heavy_weighted_pressure_plate": {
    "criteria": {
      "has_iron_ingot": "2024-07-21 20:13:24 +0000"
    },
    "done": true
  },
  "minecraft:recipes/decorations/snow": {
    "criteria": {
      "has_snowball": "2024-07-21 20:14:34 +0000"
    },
    "done": true
  },
  "minecraft:recipes/building_blocks/snow_block": {
    "criteria": {
      "has_snowball": "2024-07-21 20:14:34 +0000"
    },
    "done": true
  },
  "regions_unexplored:recipes/transportation/maple_boat": {
    "criteria": {
      "in_water": "2024-07-21 20:14:50 +0000"
    },
    "done": true
  },
  "regions_unexplored:recipes/transportation/pine_boat": {
    "criteria": {
      "in_water": "2024-07-21 20:14:50 +0000"
    },
    "done": true
  },
  "regions_unexplored:recipes/transportation/eucalyptus_boat": {
    "criteria": {
      "in_water": "2024-07-21 20:14:50 +0000"
    },
    "done": true
  },
  "biomesoplenty:recipes/transportation/willow_boat": {
    "criteria": {
      "in_water": "2024-07-21 20:14:50 +0000"
    },
    "done": true
  },
  "regions_unexplored:recipes/transportation/magnolia_boat": {
    "criteria": {
      "in_water": "2024-07-21 20:14:50 +0000"
    },
    "done": true
  },
  "regions_unexplored:recipes/transportation/palm_boat": {
    "criteria": {
      "in_water": "2024-07-21 20:14:50 +0000"
    },
    "done": true
  },
  "biomesoplenty:recipes/transportation/fir_boat": {
    "criteria": {
      "in_water": "2024-07-21 20:14:50 +0000"
    },
    "done": true
  },
  "minecraft:recipes/transportation/cherry_boat": {
    "criteria": {
      "in_water": "2024-07-21 20:14:50 +0000"
    },
    "done": true
  },
  "regions_unexplored:recipes/transportation/socotra_boat": {
    "criteria": {
      "in_water": "2024-07-21 20:14:50 +0000"
    },
    "done": true
  },
  "biomesoplenty:recipes/transportation/umbran_boat": {
    "criteria": {
      "in_water": "2024-07-21 20:14:50 +0000"
    },
    "done": true
  },
  "minecraft:recipes/transportation/bamboo_raft": {
    "criteria": {
      "in_water": "2024-07-21 20:14:50 +0000"
    },
    "done": true
  },
  "biomesoplenty:recipes/transportation/dead_boat": {
    "criteria": {
      "in_water": "2024-07-21 20:14:50 +0000"
    },
    "done": true
  },
  "minecraft:recipes/transportation/spruce_boat": {
    "criteria": {
      "in_water": "2024-07-21 20:14:50 +0000"
    },
    "done": true
  },
  "regions_unexplored:recipes/transportation/oak_boat": {
    "criteria": {
      "in_water": "2024-07-21 20:14:50 +0000"
    },
    "done": true
  },
  "biomesoplenty:recipes/transportation/magic_boat": {
    "criteria": {
      "in_water": "2024-07-21 20:14:50 +0000"
    },
    "done": true
  },
  "minecraft:recipes/transportation/birch_boat": {
    "criteria": {
      "in_water": "2024-07-21 20:14:50 +0000"
    },
    "done": true
  },
  "regions_unexplored:recipes/transportation/dead_boat": {
    "criteria": {
      "in_water": "2024-07-21 20:14:50 +0000"
    },
    "done": true
  },
  "minecraft:recipes/transportation/oak_boat": {
    "criteria": {
      "in_water": "2024-07-21 20:14:50 +0000"
    },
    "done": true
  },
  "regions_unexplored:recipes/transportation/kapok_boat": {
    "criteria": {
      "in_water": "2024-07-21 20:14:50 +0000"
    },
    "done": true
  },
  "biomesoplenty:recipes/transportation/redwood_boat": {
    "criteria": {
      "in_water": "2024-07-21 20:14:50 +0000"
    },
    "done": true
  },
  "regions_unexplored:recipes/transportation/cypress_boat": {
    "criteria": {
      "in_water": "2024-07-21 20:14:50 +0000"
    },
    "done": true
  },
  "minecraft:recipes/transportation/mangrove_boat": {
    "criteria": {
      "in_water": "2024-07-21 20:14:50 +0000"
    },
    "done": true
  },
  "regions_unexplored:recipes/transportation/mauve_boat": {
    "criteria": {
      "in_water": "2024-07-21 20:14:50 +0000"
    },
    "done": true
  },
  "biomesoplenty:recipes/transportation/hellbark_boat": {
    "criteria": {
      "in_water": "2024-07-21 20:14:50 +0000"
    },
    "done": true
  },
  "regions_unexplored:recipes/transportation/redwood_boat": {
    "criteria": {
      "in_water": "2024-07-21 20:14:50 +0000"
    },
    "done": true
  },
  "biomesoplenty:recipes/transportation/jacaranda_boat": {
    "criteria": {
      "in_water": "2024-07-21 20:14:50 +0000"
    },
    "done": true
  },
  "regions_unexplored:recipes/transportation/larch_boat": {
    "criteria": {
      "in_water": "2024-07-21 20:14:50 +0000"
    },
    "done": true
  },
  "biomesoplenty:recipes/transportation/mahogany_boat": {
    "criteria": {
      "in_water": "2024-07-21 20:14:50 +0000"
    },
    "done": true
  },
  "biomesoplenty:recipes/transportation/palm_boat": {
    "criteria": {
      "in_water": "2024-07-21 20:14:50 +0000"
    },
    "done": true
  },
  "regions_unexplored:recipes/transportation/baobab_boat": {
    "criteria": {
      "in_water": "2024-07-21 20:14:50 +0000"
    },
    "done": true
  },
  "minecraft:recipes/transportation/acacia_boat": {
    "criteria": {
      "in_water": "2024-07-21 20:14:50 +0000"
    },
    "done": true
  },
  "regions_unexplored:recipes/transportation/willow_boat": {
    "criteria": {
      "in_water": "2024-07-21 20:14:50 +0000"
    },
    "done": true
  },
  "regions_unexplored:recipes/transportation/joshua_boat": {
    "criteria": {
      "in_water": "2024-07-21 20:14:50 +0000"
    },
    "done": true
  },
  "minecraft:recipes/transportation/jungle_boat": {
    "criteria": {
      "in_water": "2024-07-21 20:14:50 +0000"
    },
    "done": true
  },
  "minecraft:recipes/transportation/dark_oak_boat": {
    "criteria": {
      "in_water": "2024-07-21 20:14:50 +0000"
    },
    "done": true
  },
  "regions_unexplored:recipes/transportation/blackwood_boat": {
    "criteria": {
      "in_water": "2024-07-21 20:14:50 +0000"
    },
    "done": true
  },
  "regions_unexplored:recipes/building_blocks/larch_wood": {
    "criteria": {
      "has_log": "2024-07-21 20:15:08 +0000"
    },
    "done": true
  },
  "regions_unexplored:recipes/building_blocks/larch_planks": {
    "criteria": {
      "has_logs": "2024-07-21 20:15:08 +0000"
    },
    "done": true
  },
  "regions_unexplored:recipes/decorations/larch_branch_from_larch_log": {
    "criteria": {
      "has_log": "2024-07-21 20:15:08 +0000"
    },
    "done": true
  },
  "regions_unexplored:recipes/building_blocks/larch_slab": {
    "criteria": {
      "has_larch_planks": "2024-07-21 20:15:11 +0000"
    },
    "done": true
  },
  "regions_unexplored:recipes/redstone/larch_trapdoor": {
    "criteria": {
      "has_larch_planks": "2024-07-21 20:15:11 +0000"
    },
    "done": true
  },
  "regions_unexplored:recipes/decorations/larch_sign": {
    "criteria": {
      "has_larch_planks": "2024-07-21 20:15:11 +0000"
    },
    "done": true
  },
  "regions_unexplored:recipes/redstone/larch_fence_gate": {
    "criteria": {
      "has_larch_planks": "2024-07-21 20:15:11 +0000"
    },
    "done": true
  },
  "regions_unexplored:recipes/redstone/larch_button": {
    "criteria": {
      "has_larch_planks": "2024-07-21 20:15:11 +0000"
    },
    "done": true
  },
  "regions_unexplored:recipes/redstone/larch_door": {
    "criteria": {
      "has_larch_planks": "2024-07-21 20:15:11 +0000"
    },
    "done": true
  },
  "regions_unexplored:recipes/redstone/larch_pressure_plate": {
    "criteria": {
      "has_larch_planks": "2024-07-21 20:15:11 +0000"
    },
    "done": true
  },
  "regions_unexplored:recipes/decorations/larch_fence": {
    "criteria": {
      "has_larch_planks": "2024-07-21 20:15:11 +0000"
    },
    "done": true
  },
  "regions_unexplored:recipes/building_blocks/larch_stairs": {
    "criteria": {
      "has_larch_planks": "2024-07-21 20:15:11 +0000"
    },
    "done": true
  },
  "minecraft:story/root": {
    "criteria": {
      "crafting_table": "2024-07-21 20:15:13 +0000"
    },
    "done": true
  },
  "minecraft:recipes/decorations/ladder": {
    "criteria": {
      "has_stick": "2024-07-21 20:15:28 +0000"
    },
    "done": true
  },
  "minecraft:recipes/tools/wooden_axe": {
    "criteria": {
      "has_stick": "2024-07-21 20:15:28 +0000"
    },
    "done": true
  },
  "portablemobs:recipes/misc/basic_capture_cell": {
    "criteria": {
      "recipe_condition": "2024-07-21 20:15:28 +0000"
    },
    "done": true
  },
  "minecraft:recipes/decorations/campfire": {
    "criteria": {
      "has_stick": "2024-07-21 20:15:28 +0000"
    },
    "done": true
  },
  "minecraft:recipes/tools/wooden_hoe": {
    "criteria": {
      "has_stick": "2024-07-21 20:15:28 +0000"
    },
    "done": true
  },
  "minecraft:recipes/tools/wooden_pickaxe": {
    "criteria": {
      "has_stick": "2024-07-21 20:15:28 +0000"
    },
    "done": true
  },
  "minecraft:recipes/tools/wooden_shovel": {
    "criteria": {
      "has_stick": "2024-07-21 20:15:28 +0000"
    },
    "done": true
  },
  "minecraft:recipes/combat/wooden_sword": {
    "criteria": {
      "has_stick": "2024-07-21 20:15:28 +0000"
    },
    "done": true
  },
  "minecraft:recipes/redstone/lever": {
    "criteria": {
      "has_cobblestone": "2024-07-21 20:15:47 +0000"
    },
    "done": true
  },
  "minecraft:recipes/combat/stone_sword": {
    "criteria": {
      "has_cobblestone": "2024-07-21 20:15:47 +0000"
    },
    "done": true
  },
  "minecraft:recipes/decorations/cobblestone_wall": {
    "criteria": {
      "has_cobblestone": "2024-07-21 20:15:47 +0000"
    },
    "done": true
  },
  "minecraft:recipes/tools/stone_axe": {
    "criteria": {
      "has_cobblestone": "2024-07-21 20:15:47 +0000"
    },
    "done": true
  },
  "minecraft:story/mine_stone": {
    "criteria": {
      "get_stone": "2024-07-21 20:15:47 +0000"
    },
    "done": true
  },
  "minecraft:recipes/decorations/furnace": {
    "criteria": {
      "has_cobblestone": "2024-07-21 20:15:47 +0000"
    },
    "done": true
  },
  "minecraft:recipes/decorations/chest": {
    "criteria": {
      "has_lots_of_items": "2024-07-21 20:15:47 +0000"
    },
    "done": true
  },
  "minecraft:recipes/building_blocks/cobblestone_slab_from_cobblestone_stonecutting": {
    "criteria": {
      "has_cobblestone": "2024-07-21 20:15:47 +0000"
    },
    "done": true
  },
  "minecraft:recipes/building_blocks/stone": {
    "criteria": {
      "has_cobblestone": "2024-07-21 20:15:47 +0000"
    },
    "done": true
  },
  "minecraft:recipes/tools/stone_pickaxe": {
    "criteria": {
      "has_cobblestone": "2024-07-21 20:15:47 +0000"
    },
    "done": true
  },
  "minecraft:recipes/building_blocks/cobblestone_slab": {
    "criteria": {
      "has_cobblestone": "2024-07-21 20:15:47 +0000"
    },
    "done": true
  },
  "minecraft:recipes/decorations/cobblestone_wall_from_cobblestone_stonecutting": {
    "criteria": {
      "has_cobblestone": "2024-07-21 20:15:47 +0000"
    },
    "done": true
  },
  "minecraft:recipes/building_blocks/cobblestone_stairs_from_cobblestone_stonecutting": {
    "criteria": {
      "has_cobblestone": "2024-07-21 20:15:47 +0000"
    },
    "done": true
  },
  "minecraft:recipes/building_blocks/cobblestone_stairs": {
    "criteria": {
      "has_cobblestone": "2024-07-21 20:15:47 +0000"
    },
    "done": true
  },
  "minecraft:recipes/tools/stone_hoe": {
    "criteria": {
      "has_cobblestone": "2024-07-21 20:15:47 +0000"
    },
    "done": true
  },
  "minecraft:recipes/tools/stone_shovel": {
    "criteria": {
      "has_cobblestone": "2024-07-21 20:15:47 +0000"
    },
    "done": true
  },
  "minecraft:recipes/building_blocks/coal_block": {
    "criteria": {
      "has_coal": "2024-07-21 20:16:05 +0000"
    },
    "done": true
  },
  "minecraft:adventure/root": {
    "criteria": {
      "killed_something": "2024-07-21 20:17:09 +0000"
    },
    "done": true
  },
  "minecraft:recipes/food/cooked_salmon_from_smoking": {
    "criteria": {
      "has_salmon": "2024-07-21 20:17:15 +0000"
    },
    "done": true
  },
  "minecraft:recipes/food/cooked_salmon_from_campfire_cooking": {
    "criteria": {
      "has_salmon": "2024-07-21 20:17:15 +0000"
    },
    "done": true
  },
  "minecraft:adventure/sleep_in_bed": {
    "criteria": {
      "slept_in_bed": "2024-07-21 20:17:40 +0000"
    },
    "done": true
  },
  "minecraft:recipes/decorations/torch": {
    "criteria": {
      "has_stone_pickaxe": "2024-07-21 20:18:53 +0000"
    },
    "done": true
  },
  "minecraft:story/upgrade_tools": {
    "criteria": {
      "stone_pickaxe": "2024-07-21 20:18:53 +0000"
    },
    "done": true
  },
  "minecraft:recipes/food/cooked_porkchop_from_campfire_cooking": {
    "criteria": {
      "has_porkchop": "2024-07-21 20:21:42 +0000"
    },
    "done": true
  },
  "minecraft:recipes/food/cooked_porkchop": {
    "criteria": {
      "has_porkchop": "2024-07-21 20:21:42 +0000"
    },
    "done": true
  },
  "minecraft:recipes/food/cooked_porkchop_from_smoking": {
    "criteria": {
      "has_porkchop": "2024-07-21 20:21:42 +0000"
    },
    "done": true
  },
  "minecraft:recipes/combat/leather_helmet": {
    "criteria": {
      "has_leather": "2024-07-21 20:22:29 +0000"
    },
    "done": true
  },
  "minecraft:recipes/combat/leather_leggings": {
    "criteria": {
      "has_leather": "2024-07-21 20:22:29 +0000"
    },
    "done": true
  },
  "minecraft:recipes/combat/leather_chestplate": {
    "criteria": {
      "has_leather": "2024-07-21 20:22:29 +0000"
    },
    "done": true
  },
  "minecraft:recipes/misc/leather_horse_armor": {
    "criteria": {
      "has_leather": "2024-07-21 20:22:29 +0000"
    },
    "done": true
  },
  "minecraft:recipes/food/cooked_beef_from_smoking": {
    "criteria": {
      "has_beef": "2024-07-21 20:22:29 +0000"
    },
    "done": true
  },
  "minecraft:recipes/decorations/item_frame": {
    "criteria": {
      "has_leather": "2024-07-21 20:22:29 +0000"
    },
    "done": true
  },
  "usefulbackpacks:recipes/backpack_small": {
    "criteria": {
      "has_leather": "2024-07-21 20:22:29 +0000"
    },
    "done": true
  },
  "usefulbackpacks:recipes/filter_configurator": {
    "criteria": {
      "has_leather": "2024-07-21 20:22:29 +0000"
    },
    "done": true
  },
  "minecraft:recipes/combat/leather_boots": {
    "criteria": {
      "has_leather": "2024-07-21 20:22:29 +0000"
    },
    "done": true
  },
  "minecraft:recipes/food/cooked_beef": {
    "criteria": {
      "has_beef": "2024-07-21 20:22:29 +0000"
    },
    "done": true
  },
  "minecraft:recipes/food/cooked_beef_from_campfire_cooking": {
    "criteria": {
      "has_beef": "2024-07-21 20:22:29 +0000"
    },
    "done": true
  },
  "minecraft:recipes/food/cooked_chicken_from_campfire_cooking": {
    "criteria": {
      "has_chicken": "2024-07-21 20:23:14 +0000"
    },
    "done": true
  },
  "minecraft:recipes/food/cooked_chicken": {
    "criteria": {
      "has_chicken": "2024-07-21 20:23:14 +0000"
    },
    "done": true
  },
  "minecraft:recipes/combat/arrow": {
    "criteria": {
      "has_feather": "2024-07-21 20:23:14 +0000"
    },
    "done": true
  },
  "minecraft:recipes/food/cooked_chicken_from_smoking": {
    "criteria": {
      "has_chicken": "2024-07-21 20:23:14 +0000"
    },
    "done": true
  },
  "minecraft:recipes/food/cooked_mutton_from_smoking": {
    "criteria": {
      "has_mutton": "2024-07-21 20:23:21 +0000"
    },
    "done": true
  },
  "minecraft:recipes/decorations/painting": {
    "criteria": {
      "has_wool": "2024-07-21 20:23:21 +0000"
    },
    "done": true
  },
  "minecraft:recipes/decorations/white_carpet": {
    "criteria": {
      "has_white_wool": "2024-07-21 20:23:21 +0000"
    },
    "done": true
  },
  "minecraft:recipes/food/cooked_mutton": {
    "criteria": {
      "has_mutton": "2024-07-21 20:23:21 +0000"
    },
    "done": true
  },
  "minecraft:recipes/decorations/white_banner": {
    "criteria": {
      "has_white_wool": "2024-07-21 20:23:21 +0000"
    },
    "done": true
  },
  "minecraft:recipes/food/cooked_mutton_from_campfire_cooking": {
    "criteria": {
      "has_mutton": "2024-07-21 20:23:21 +0000"
    },
    "done": true
  },
  "minecraft:recipes/decorations/white_bed": {
    "criteria": {
      "has_white_wool": "2024-07-21 20:23:21 +0000"
    },
    "done": true
  },
  "minecraft:recipes/decorations/gray_bed": {
    "criteria": {
      "has_gray_wool": "2024-07-21 20:24:28 +0000"
    },
    "done": true
  },
  "minecraft:recipes/decorations/gray_carpet": {
    "criteria": {
      "has_gray_wool": "2024-07-21 20:24:28 +0000"
    },
    "done": true
  },
  "minecraft:recipes/decorations/gray_banner": {
    "criteria": {
      "has_gray_wool": "2024-07-21 20:24:28 +0000"
    },
    "done": true
  },
  "minecraft:recipes/misc/red_dye_from_poppy": {
    "criteria": {
      "has_poppy": "2024-07-21 20:26:12 +0000"
    },
    "done": true
  },
  "minecraft:recipes/misc/iron_nugget_from_smelting": {
    "criteria": {
      "has_iron_pickaxe": "2024-07-21 20:27:30 +0000"
    },
    "done": true
  },
  "minecraft:story/iron_tools": {
    "criteria": {
      "iron_pickaxe": "2024-07-21 20:27:30 +0000"
    },
    "done": true
  },
  "minecraft:recipes/misc/iron_nugget_from_blasting": {
    "criteria": {
      "has_iron_pickaxe": "2024-07-21 20:27:30 +0000"
    },
    "done": true
  },
  "minecraft:recipes/building_blocks/birch_wood": {
    "criteria": {
      "has_log": "2024-07-21 20:31:19 +0000"
    },
    "done": true
  },
  "minecraft:recipes/building_blocks/birch_planks": {
    "criteria": {
      "has_logs": "2024-07-21 20:31:19 +0000"
    },
    "done": true
  },
  "regions_unexplored:recipes/decorations/birch_branch_from_birch_log": {
    "criteria": {
      "has_log": "2024-07-21 20:31:19 +0000"
    },
    "done": true
  },
  "regions_unexplored:recipes/decorations/pine_shrub": {
    "criteria": {
      "has_pine_sapling": "2024-07-21 20:33:02 +0000"
    },
    "done": true
  },
  "minecraft:recipes/building_blocks/granite_slab_from_granite_stonecutting": {
    "criteria": {
      "has_granite": "2024-07-21 20:43:10 +0000"
    },
    "done": true
  },
  "minecraft:recipes/decorations/granite_wall_from_granite_stonecutting": {
    "criteria": {
      "has_granite": "2024-07-21 20:43:10 +0000"
    },
    "done": true
  },
  "minecraft:recipes/building_blocks/polished_granite_from_granite_stonecutting": {
    "criteria": {
      "has_granite": "2024-07-21 20:43:10 +0000"
    },
    "done": true
  },
  "minecraft:recipes/building_blocks/granite_slab": {
    "criteria": {
      "has_granite": "2024-07-21 20:43:10 +0000"
    },
    "done": true
  },
  "minecraft:recipes/building_blocks/granite_stairs": {
    "criteria": {
      "has_granite": "2024-07-21 20:43:10 +0000"
    },
    "done": true
  },
  "minecraft:recipes/building_blocks/granite_stairs_from_granite_stonecutting": {
    "criteria": {
      "has_granite": "2024-07-21 20:43:10 +0000"
    },
    "done": true
  },
  "minecraft:recipes/decorations/granite_wall": {
    "criteria": {
      "has_granite": "2024-07-21 20:43:10 +0000"
    },
    "done": true
  },
  "minecraft:recipes/building_blocks/polished_granite_slab_from_granite_stonecutting": {
    "criteria": {
      "has_granite": "2024-07-21 20:43:10 +0000"
    },
    "done": true
  },
  "minecraft:recipes/building_blocks/polished_granite": {
    "criteria": {
      "has_granite": "2024-07-21 20:43:10 +0000"
    },
    "done": true
  },
  "minecraft:recipes/building_blocks/polished_granite_stairs_from_granite_stonecutting": {
    "criteria": {
      "has_granite": "2024-07-21 20:43:10 +0000"
    },
    "done": true
  },
  "minecraft:recipes/building_blocks/raw_iron_block": {
    "criteria": {
      "has_raw_iron": "2024-07-21 20:43:55 +0000"
    },
    "done": true
  },
  "minecraft:recipes/misc/iron_ingot_from_smelting_raw_iron": {
    "criteria": {
      "has_raw_iron": "2024-07-21 20:43:55 +0000"
    },
    "done": true
  },
  "minecraft:recipes/misc/iron_ingot_from_blasting_raw_iron": {
    "criteria": {
      "has_raw_iron": "2024-07-21 20:43:55 +0000"
    },
    "done": true
  },
  "minecraft:recipes/building_blocks/polished_deepslate": {
    "criteria": {
      "has_cobbled_deepslate": "2024-07-21 20:44:18 +0000"
    },
    "done": true
  },
  "minecraft:recipes/building_blocks/deepslate_tile_stairs_from_cobbled_deepslate_stonecutting": {
    "criteria": {
      "has_cobbled_deepslate": "2024-07-21 20:44:18 +0000"
    },
    "done": true
  },
  "minecraft:recipes/building_blocks/deepslate_brick_stairs_from_cobbled_deepslate_stonecutting": {
    "criteria": {
      "has_cobbled_deepslate": "2024-07-21 20:44:18 +0000"
    },
    "done": true
  },
  "minecraft:recipes/building_blocks/chiseled_deepslate_from_cobbled_deepslate_stonecutting": {
    "criteria": {
      "has_cobbled_deepslate": "2024-07-21 20:44:18 +0000"
    },
    "done": true
  },
  "minecraft:recipes/building_blocks/cobbled_deepslate_slab": {
    "criteria": {
      "has_cobbled_deepslate": "2024-07-21 20:44:18 +0000"
    },
    "done": true
  },
  "minecraft:recipes/decorations/cobbled_deepslate_wall_from_cobbled_deepslate_stonecutting": {
    "criteria": {
      "has_cobbled_deepslate": "2024-07-21 20:44:18 +0000"
    },
    "done": true
  },
  "minecraft:recipes/decorations/cobbled_deepslate_wall": {
    "criteria": {
      "has_cobbled_deepslate": "2024-07-21 20:44:18 +0000"
    },
    "done": true
  },
  "minecraft:recipes/decorations/polished_deepslate_wall_from_cobbled_deepslate_stonecutting": {
    "criteria": {
      "has_cobbled_deepslate": "2024-07-21 20:44:18 +0000"
    },
    "done": true
  },
  "minecraft:recipes/building_blocks/cobbled_deepslate_stairs_from_cobbled_deepslate_stonecutting": {
    "criteria": {
      "has_cobbled_deepslate": "2024-07-21 20:44:18 +0000"
    },
    "done": true
  },
  "minecraft:recipes/building_blocks/deepslate": {
    "criteria": {
      "has_cobbled_deepslate": "2024-07-21 20:44:18 +0000"
    },
    "done": true
  },
  "minecraft:recipes/building_blocks/polished_deepslate_stairs_from_cobbled_deepslate_stonecutting": {
    "criteria": {
      "has_cobbled_deepslate": "2024-07-21 20:44:18 +0000"
    },
    "done": true
  },
  "minecraft:recipes/decorations/deepslate_brick_wall_from_cobbled_deepslate_stonecutting": {
    "criteria": {
      "has_cobbled_deepslate": "2024-07-21 20:44:18 +0000"
    },
    "done": true
  },
  "minecraft:recipes/building_blocks/polished_deepslate_from_cobbled_deepslate_stonecutting": {
    "criteria": {
      "has_cobbled_deepslate": "2024-07-21 20:44:18 +0000"
    },
    "done": true
  },
  "minecraft:recipes/building_blocks/polished_deepslate_slab_from_cobbled_deepslate_stonecutting": {
    "criteria": {
      "has_cobbled_deepslate": "2024-07-21 20:44:18 +0000"
    },
    "done": true
  },
  "minecraft:recipes/building_blocks/deepslate_brick_slab_from_cobbled_deepslate_stonecutting": {
    "criteria": {
      "has_cobbled_deepslate": "2024-07-21 20:44:18 +0000"
    },
    "done": true
  },
  "minecraft:recipes/building_blocks/cobbled_deepslate_slab_from_cobbled_deepslate_stonecutting": {
    "criteria": {
      "has_cobbled_deepslate": "2024-07-21 20:44:18 +0000"
    },
    "done": true
  },
  "minecraft:recipes/building_blocks/deepslate_tile_slab_from_cobbled_deepslate_stonecutting": {
    "criteria": {
      "has_cobbled_deepslate": "2024-07-21 20:44:18 +0000"
    },
    "done": true
  },
  "minecraft:recipes/building_blocks/cobbled_deepslate_stairs": {
    "criteria": {
      "has_cobbled_deepslate": "2024-07-21 20:44:18 +0000"
    },
    "done": true
  },
  "minecraft:recipes/decorations/deepslate_tile_wall_from_cobbled_deepslate_stonecutting": {
    "criteria": {
      "has_cobbled_deepslate": "2024-07-21 20:44:18 +0000"
    },
    "done": true
  },
  "minecraft:recipes/building_blocks/deepslate_bricks_from_cobbled_deepslate_stonecutting": {
    "criteria": {
      "has_cobbled_deepslate": "2024-07-21 20:44:18 +0000"
    },
    "done": true
  },
  "minecraft:recipes/building_blocks/deepslate_tiles_from_cobbled_deepslate_stonecutting": {
    "criteria": {
      "has_cobbled_deepslate": "2024-07-21 20:44:18 +0000"
    },
    "done": true
  },
  "minecraft:recipes/transportation/activator_rail": {
    "criteria": {
      "has_rail": "2024-07-21 20:45:00 +0000"
    },
    "done": true
  },
  "minecraft:recipes/transportation/detector_rail": {
    "criteria": {
      "has_rail": "2024-07-21 20:45:00 +0000"
    },
    "done": true
  },
  "minecraft:recipes/transportation/powered_rail": {
    "criteria": {
      "has_rail": "2024-07-21 20:45:00 +0000"
    },
    "done": true
  },
  "minecraft:recipes/redstone/redstone_torch": {
    "criteria": {
      "has_redstone": "2024-07-21 20:45:22 +0000"
    },
    "done": true
  },
  "minecraft:recipes/tools/clock": {
    "criteria": {
      "has_redstone": "2024-07-21 20:45:22 +0000"
    },
    "done": true
  },
  "regions_unexplored:recipes/redstone/raw_redstone_block": {
    "criteria": {
      "has_redstone": "2024-07-21 20:45:22 +0000"
    },
    "done": true
  },
  "minecraft:recipes/redstone/note_block": {
    "criteria": {
      "has_redstone": "2024-07-21 20:45:22 +0000"
    },
    "done": true
  },
  "minecraft:recipes/redstone/target": {
    "criteria": {
      "has_redstone": "2024-07-21 20:45:22 +0000"
    },
    "done": true
  },
  "minecraft:recipes/tools/compass": {
    "criteria": {
      "has_redstone": "2024-07-21 20:45:22 +0000"
    },
    "done": true
  },
  "minecraft:recipes/redstone/dropper": {
    "criteria": {
      "has_redstone": "2024-07-21 20:45:22 +0000"
    },
    "done": true
  },
  "minecraft:recipes/redstone/redstone_block": {
    "criteria": {
      "has_redstone": "2024-07-21 20:45:22 +0000"
    },
    "done": true
  },
  "regions_unexplored:recipes/redstone/redstone_bud": {
    "criteria": {
      "has_redstone": "2024-07-21 20:45:22 +0000"
    },
    "done": true
  },
  "minecraft:recipes/redstone/piston": {
    "criteria": {
      "has_redstone": "2024-07-21 20:45:22 +0000"
    },
    "done": true
  },
  "tetra:spelunking/root": {
    "criteria": {
      "spelunking": "2024-07-21 20:45:33 +0000"
    },
    "done": true
  },
  "regions_unexplored:recipes/redstone/redstone_from_blasting_raw_redstone_block": {
    "criteria": {
      "has_raw_redstone_block": "2024-07-21 20:45:38 +0000"
    },
    "done": true
  },
  "regions_unexplored:recipes/redstone/redstone_from_smelting_raw_redstone_block": {
    "criteria": {
      "has_raw_redstone_block": "2024-07-21 20:45:38 +0000"
    },
    "done": true
  },
  "regions_unexplored:spelunker": {
    "criteria": {
      "redstone_caves": "2024-07-21 20:45:41 +0000",
      "scorching_caves": "2024-07-21 20:49:03 +0000"
    },
    "done": false
  },
  "minecraft:recipes/misc/gold_ingot_from_blasting_raw_gold": {
    "criteria": {
      "has_raw_gold": "2024-07-21 20:47:09 +0000"
    },
    "done": true
  },
  "minecraft:recipes/misc/gold_ingot_from_smelting_raw_gold": {
    "criteria": {
      "has_raw_gold": "2024-07-21 20:47:09 +0000"
    },
    "done": true
  },
  "minecraft:recipes/building_blocks/raw_gold_block": {
    "criteria": {
      "has_raw_gold": "2024-07-21 20:47:09 +0000"
    },
    "done": true
  },
  "minecraft:adventure/kill_all_mobs": {
    "criteria": {
      "minecraft:skeleton": "2024-07-21 20:47:35 +0000",
      "minecraft:spider": "2024-07-21 20:58:16 +0000",
      "minecraft:zombie": "2024-07-21 20:54:24 +0000"
    },
    "done": false
  },
  "minecraft:adventure/kill_a_mob": {
    "criteria": {
      "minecraft:skeleton": "2024-07-21 20:47:35 +0000"
    },
    "done": true
  },
  "minecraft:recipes/misc/bone_meal": {
    "criteria": {
      "has_bone": "2024-07-21 20:47:36 +0000"
    },
    "done": true
  },
  "minecraft:recipes/misc/blue_dye": {
    "criteria": {
      "has_lapis_lazuli": "2024-07-21 20:48:23 +0000"
    },
    "done": true
  },
  "minecraft:recipes/building_blocks/lapis_block": {
    "criteria": {
      "has_lapis_lazuli": "2024-07-21 20:48:23 +0000"
    },
    "done": true
  },
  "minecraft:recipes/building_blocks/smooth_basalt": {
    "criteria": {
      "has_basalt": "2024-07-21 20:49:26 +0000"
    },
    "done": true
  },
  "minecraft:recipes/building_blocks/polished_basalt_from_basalt_stonecutting": {
    "criteria": {
      "has_basalt": "2024-07-21 20:49:26 +0000"
    },
    "done": true
  },
  "minecraft:recipes/building_blocks/polished_basalt": {
    "criteria": {
      "has_basalt": "2024-07-21 20:49:26 +0000"
    },
    "done": true
  },
  "regions_unexplored:recipes/building_blocks/ashen_dirt_from_dirt": {
    "criteria": {
      "has_ash": "2024-07-21 20:49:30 +0000"
    },
    "done": true
  },
  "regions_unexplored:recipes/building_blocks/ashen_dirt_from_peat_dirt": {
    "criteria": {
      "has_ash": "2024-07-21 20:49:30 +0000"
    },
    "done": true
  },
  "regions_unexplored:recipes/building_blocks/ashen_dirt_from_silt_dirt": {
    "criteria": {
      "has_ash": "2024-07-21 20:49:30 +0000"
    },
    "done": true
  },
  "minecraft:recipes/combat/diamond_leggings": {
    "criteria": {
      "has_diamond": "2024-07-21 20:49:55 +0000"
    },
    "done": true
  },
  "minecraft:recipes/combat/diamond_sword": {
    "criteria": {
      "has_diamond": "2024-07-21 20:49:55 +0000"
    },
    "done": true
  },
  "minecraft:recipes/decorations/jukebox": {
    "criteria": {
      "has_diamond": "2024-07-21 20:49:55 +0000"
    },
    "done": true
  },
  "minecraft:recipes/combat/diamond_chestplate": {
    "criteria": {
      "has_diamond": "2024-07-21 20:49:55 +0000"
    },
    "done": true
  },
  "minecraft:recipes/tools/diamond_pickaxe": {
    "criteria": {
      "has_diamond": "2024-07-21 20:49:55 +0000"
    },
    "done": true
  },
  "minecraft:recipes/tools/diamond_hoe": {
    "criteria": {
      "has_diamond": "2024-07-21 20:49:55 +0000"
    },
    "done": true
  },
  "minecraft:recipes/tools/diamond_shovel": {
    "criteria": {
      "has_diamond": "2024-07-21 20:49:55 +0000"
    },
    "done": true
  },
  "minecraft:recipes/combat/diamond_boots": {
    "criteria": {
      "has_diamond": "2024-07-21 20:49:55 +0000"
    },
    "done": true
  },
  "minecraft:recipes/combat/diamond_helmet": {
    "criteria": {
      "has_diamond": "2024-07-21 20:49:55 +0000"
    },
    "done": true
  },
  "minecraft:recipes/building_blocks/diamond_block": {
    "criteria": {
      "has_diamond": "2024-07-21 20:49:55 +0000"
    },
    "done": true
  },
  "minecraft:story/mine_diamond": {
    "criteria": {
      "diamond": "2024-07-21 20:49:55 +0000"
    },
    "done": true
  },
  "minecraft:recipes/tools/diamond_axe": {
    "criteria": {
      "has_diamond": "2024-07-21 20:49:55 +0000"
    },
    "done": true
  },
  "minecraft:recipes/building_blocks/dripstone_block": {
    "criteria": {
      "has_pointed_dripstone": "2024-07-21 20:52:30 +0000"
    },
    "done": true
  },
  "tetra:spelunking/find_scroll_howling": {
    "criteria": {
      "find": "2024-07-21 20:54:19 +0000"
    },
    "done": true
  },
  "tetra:spelunking/find_scroll": {
    "criteria": {
      "find": "2024-07-21 20:54:19 +0000"
    },
    "done": true
  },
  "tetra:spelunking/find_scroll_throwing": {
    "criteria": {
      "find": "2024-07-21 20:54:39 +0000"
    },
    "done": true
  },
  "regions_unexplored:recipes/building_blocks/ash": {
    "criteria": {
      "has_gunpowder": "2024-07-21 20:54:43 +0000"
    },
    "done": true
  },
  "minecraft:recipes/misc/firework_rocket_simple": {
    "criteria": {
      "has_gunpowder": "2024-07-21 20:54:43 +0000"
    },
    "done": true
  },
  "minecraft:recipes/redstone/tnt": {
    "criteria": {
      "has_gunpowder": "2024-07-21 20:54:43 +0000"
    },
    "done": true
  },
  "minecraft:story/obtain_armor": {
    "criteria": {
      "iron_helmet": "2024-07-21 20:57:34 +0000"
    },
    "done": true
  },
  "minecraft:recipes/misc/copper_ingot_from_blasting_raw_copper": {
    "criteria": {
      "has_raw_copper": "2024-07-21 20:57:44 +0000"
    },
    "done": true
  },
  "minecraft:recipes/building_blocks/raw_copper_block": {
    "criteria": {
      "has_raw_copper": "2024-07-21 20:57:44 +0000"
    },
    "done": true
  },
  "minecraft:recipes/misc/copper_ingot_from_smelting_raw_copper": {
    "criteria": {
      "has_raw_copper": "2024-07-21 20:57:44 +0000"
    },
    "done": true
  },
  "tetra:recipes/string": {
    "criteria": {
      "got_string": "2024-07-21 20:58:25 +0000"
    },
    "done": true
  },
  "fusion:recipes/misc/sinisite_rod": {
    "criteria": {
      "has_item": "2024-07-21 20:58:25 +0000"
    },
    "done": true
  },
  "minecraft:recipes/combat/bow": {
    "criteria": {
      "has_string": "2024-07-21 20:58:25 +0000"
    },
    "done": true
  },
  "minecraft:recipes/tools/fishing_rod": {
    "criteria": {
      "has_string": "2024-07-21 20:58:25 +0000"
    },
    "done": true
  },
  "minecraft:recipes/redstone/tripwire_hook": {
    "criteria": {
      "has_string": "2024-07-21 20:58:25 +0000"
    },
    "done": true
  },
  "minecraft:recipes/decorations/candle": {
    "criteria": {
      "has_string": "2024-07-21 20:58:25 +0000"
    },
    "done": true
  },
  "fusion:thyrium_bow": {
    "criteria": {
      "has_item": "2024-07-21 20:58:25 +0000"
    },
    "done": true
  },
  "fusion:sinisite_bow": {
    "criteria": {
      "has_item": "2024-07-21 20:58:25 +0000"
    },
    "done": true
  },
  "minecraft:recipes/building_blocks/white_wool_from_string": {
    "criteria": {
      "has_string": "2024-07-21 20:58:25 +0000"
    },
    "done": true
  },
  "minecraft:recipes/decorations/loom": {
    "criteria": {
      "has_string": "2024-07-21 20:58:25 +0000"
    },
    "done": true
  },
  "fusion:recipes/misc/thyrium_rod": {
    "criteria": {
      "has_item": "2024-07-21 20:58:25 +0000"
    },
    "done": true
  },
  "minecraft:adventure/avoid_vibration": {
    "criteria": {
      "avoid_vibration": "2024-07-21 20:58:41 +0000"
    },
    "done": true
  },
  "tetra:spelunking/geode": {
    "criteria": {
      "get_geode": "2024-07-21 21:11:58 +0000"
    },
    "done": true
  },
  "minecraft:recipes/decorations/oak_sign": {
    "criteria": {
      "has_planks": "2024-07-21 21:24:49 +0000"
    },
    "done": true
  },
  "minecraft:recipes/redstone/oak_trapdoor": {
    "criteria": {
      "has_planks": "2024-07-21 21:24:49 +0000"
    },
    "done": true
  },
  "minecraft:recipes/building_blocks/oak_stairs": {
    "criteria": {
      "has_planks": "2024-07-21 21:24:49 +0000"
    },
    "done": true
  },
  "minecraft:recipes/decorations/oak_fence": {
    "criteria": {
      "has_planks": "2024-07-21 21:24:49 +0000"
    },
    "done": true
  },
  "minecraft:recipes/redstone/oak_button": {
    "criteria": {
      "has_planks": "2024-07-21 21:24:49 +0000"
    },
    "done": true
  },
  "minecraft:recipes/building_blocks/oak_slab": {
    "criteria": {
      "has_planks": "2024-07-21 21:24:49 +0000"
    },
    "done": true
  },
  "minecraft:recipes/redstone/oak_fence_gate": {
    "criteria": {
      "has_planks": "2024-07-21 21:24:49 +0000"
    },
    "done": true
  },
  "minecraft:recipes/redstone/oak_pressure_plate": {
    "criteria": {
      "has_planks": "2024-07-21 21:24:49 +0000"
    },
    "done": true
  },
  "minecraft:recipes/redstone/oak_door": {
    "criteria": {
      "has_planks": "2024-07-21 21:24:49 +0000"
    },
    "done": true
  },
  "DataVersion": 3465
}